date,log_pd_ratio,bsadf_stat,cv_mc_90,cv_wb_90,cv_mc_95,cv_wb_95,cv_mc_99,cv_wb_99
2005-01-07,7.1853550635548045,,,,,,,
2005-01-14,7.181470563861489,,,,,,,
2005-01-21,7.106437228380955,,,,,,,
2005-01-28,7.100009560038621,,,,,,,
2005-02-04,7.138661089858608,,,,,,,
2005-02-11,7.132376553924778,,,,,,,
2005-02-18,7.109614485975477,,,,,,,
2005-02-25,7.111136654501994,,,,,,,
2005-03-04,7.10282395576127,,,,,,,
2005-03-11,7.082929410344216,,,,,,,
2005-03-18,7.054500589478405,,,,,,,
2005-03-25,7.034002954500391,,,,,,,
2005-04-01,7.039950724877084,,,,,,,
2005-04-08,7.0625119580119256,,,,,,,
2005-04-15,6.954991904654349,,,,,,,
2005-04-22,6.972807578737868,,,,,,,
2005-04-29,6.969662579931502,,,,,,,
2005-05-06,7.012352959755403,,,,,,,
2005-05-13,7.030543578048911,,,,,,,
2005-05-20,7.105176587718899,,,,,,,
2005-05-27,7.128192469002127,,,,,,,
2005-06-03,7.121301014262528,,,,,,,
2005-06-10,7.090405616721712,,,,,,,
2005-06-17,7.112462812891339,,,,,,,
2005-06-24,7.0674182419371645,,,,,,,
2005-07-01,7.053485901986587,,,,,,,
2005-07-08,7.115861828737484,,,,,,,
2005-07-15,7.173261714731735,,,,,,,
2005-07-22,7.201678833298711,,,,,,,
2005-07-29,7.210801632798995,,,,,,,
2005-08-05,7.200271307270684,,,,,,,
2005-08-12,7.177187022189465,,,,,,,
2005-08-19,7.120371236330884,,,,,,,
2005-08-26,7.098994880705105,,,,,,,
2005-09-02,7.116224304996297,,,,,,,
2005-09-09,7.155027176791715,,,,,,,
2005-09-16,7.144552616469336,,,,,,,
2005-09-23,7.116763482535469,,,,,,,
2005-09-30,7.154373137737217,,,,,,,
2005-10-07,7.10523040741794,,,,,,,
2005-10-14,6.971652933871296,,,,,,,
2005-10-21,6.998882846573807,,,,,,,
2005-10-28,6.987611761316812,,,,,,,
2005-11-04,7.07130485448181,,,,,,,
2005-11-11,7.099337173688376,,,,,,,
2005-11-18,8.054193824553154,,,,,,,
2005-11-25,8.078796991377072,,,,,,,
2005-12-02,8.087507946201079,,,,,,,
2005-12-09,8.061017881520565,,,,,,,
2005-12-16,8.05644358539044,,,,,,,
2005-12-23,8.106150215888977,,,,,,,
2005-12-30,8.061083349822583,,,,,,,
2006-01-06,8.18608156103712,,,,,,,
2006-01-13,8.499478147297223,,,,,,,
2006-01-20,8.417023950853768,,,,,,,
2006-01-27,8.454126289209494,,,,,,,
2006-02-03,8.387253336691241,,,,,,,
2006-02-10,8.381785273504653,,,,,,,
2006-02-17,8.37587081989453,,,,,,,
2006-02-24,8.36992567500765,,,,,,,
2006-03-03,8.378964715949472,,,,,,,
2006-03-10,8.33455619447627,,,,,,,
2006-03-17,8.379501474804183,,,,,,,
2006-03-24,8.380688209024031,,,,,,,
2006-03-31,8.404440742836957,,,,,,,
2006-04-07,8.427349739449072,,,,,,,
2006-04-14,8.401269933675316,,,,,,,
2006-04-21,8.39016762649728,,,,,,,
2006-04-28,8.374529515742184,,,,,,,
2006-05-05,8.380437413128618,-0.3893115569780311,-0.40330635714211455,-0.23688816702946505,-0.0701745289498953,-0.11996451193468939,0.6216243726878686,0.0543177726519157
2006-05-12,8.279852176131351,-0.5448949175320872,-0.3729428663468736,-0.22012006601626222,-0.012088964646959341,-0.09967522498688172,0.668848775040815,0.10878123019482952
2006-05-19,8.224827751231883,-0.6250663612401358,-0.3265417068033992,-0.23930384560455023,0.009338325916301694,-0.11233249117110078,0.7413804929578387,0.12248648411717071
2006-05-26,8.223611488450675,-0.6406807581580116,-0.33399223726554034,-0.26787115939145373,0.011083053259106945,-0.14535355961653107,0.6952743339648345,0.08401651758520454
2006-06-02,8.230224374670453,-0.6476952810162717,-0.3079452782434818,-0.2932323964096863,0.03198778693443581,-0.17151773637493642,0.6393341734762552,0.042285911482834594
2006-06-09,8.148705408389336,-0.7448657229906135,-0.29236870649709706,-0.29366735266369753,0.05420277884055946,-0.160906400740984,0.7003400705809323,0.056643974881231574
2006-06-16,8.161696285032995,-0.745158166867265,-0.27998508533032174,-0.32010512936391444,0.08712367553854738,-0.19305326587305557,0.7149928165507924,0.024442050065863665
2006-06-23,8.148756987644674,-0.7690579365302805,-0.2484533438921094,-0.34157782291086264,0.08978897939868433,-0.2162412591198865,0.7333567016919295,-6.78886076865904e-05
2006-06-30,8.179733831348948,-0.753157965747975,-0.2451698796727516,-0.36134949772585134,0.1158180381541357,-0.2408034694265608,0.7828917276502755,-0.04518271582068157
2006-07-07,8.126425456827162,-0.8131969342954966,-0.2221672143870903,-0.3701896949067352,0.14670826762053196,-0.2627235866930045,0.7223275233498847,-0.02887647757798087
2006-07-14,8.027496501287704,-0.90213639165377,-0.23911974075839013,-0.37599923407337105,0.12097349596815822,-0.2321227563165362,0.8176109965026866,0.006737188895582899
2006-07-21,8.01333450309678,-0.9213500430246296,-0.22726561448239127,-0.39878659193746807,0.15594061455056624,-0.258394437123586,0.8075112757576193,-0.031240911411736714
2006-07-28,8.089659938367687,-0.8805840811625929,-0.23221843038555806,-0.4078106624119578,0.13828966734773945,-0.2555270451132972,0.8108071886797922,-0.024704880108502133
2006-08-04,8.066553409295171,-0.9078492197804292,-0.22328786430263223,-0.4259925162486815,0.11234963610111416,-0.28940948000115424,0.8180957886079524,-0.07021848343299371
2006-08-11,8.042694855935405,-0.9342916875537494,-0.22051587570551207,-0.44716501190363256,0.12926441917386233,-0.3040991832406666,0.8016436968725041,-0.08710295165888086
2006-08-18,8.142295983326534,-0.8748450262107623,-0.22222380686388205,-0.4540134365834826,0.14150015681440495,-0.2889666276851533,0.8149010388644788,-0.021678003287703314
2006-08-25,8.10854469409709,-0.9119447072947594,-0.22231249629603986,-0.4705255240184705,0.12367048974979848,-0.31252756139079363,0.8318728585279238,-0.03442121560349239
2006-09-01,8.148554639195,-0.8916593558665878,-0.19685327566403665,-0.48233010650331753,0.14718635928755314,-0.3273009222964359,0.7839796901494376,-0.06291912064636467
2006-09-08,8.126469589711318,-0.9193341190856725,-0.1865525275774396,-0.5013623978586396,0.16899009622074157,-0.3575460619619461,0.8187712693077669,-0.08690458891602881
2006-09-15,8.197450532086512,-0.8738849931605018,-0.2129582574925391,-0.5189411768697353,0.15007098491587517,-0.3736809803551632,0.7905936588247915,-0.08526405327593359
2006-09-22,8.190373265204908,-0.8904569060988546,-0.20188396000776906,-0.5375761091129351,0.14534806295574995,-0.3942471820750329,0.8439424616055641,-0.12045349361693719
2006-09-29,8.228834255010392,-0.8680936401178976,-0.19650047206874716,-0.5550231938058489,0.1549256131999084,-0.42261384569103133,0.762658164918831,-0.1288687190569832
2006-10-06,8.265313106467474,-0.8458945017687217,-0.18594368760943059,-0.5723293941615915,0.15021029568145625,-0.4345242075701748,0.8096923985573582,-0.16533612336093692
2006-10-13,8.315355240309534,-0.80924764766289,-0.18760534459249698,-0.5787641669029246,0.11739521844514061,-0.45295691876681704,0.765742575860206,-0.17250332097035082
2006-10-20,8.294974270999099,-0.8409367243936696,-0.19008789834845974,-0.5935358899862541,0.15546809886307736,-0.4638874944846217,0.8184063365858966,-0.19313113533360532
2006-10-27,8.307182701680192,-0.8402269730959471,-0.19448125969866686,-0.6096780201451864,0.12861100544324486,-0.48015794219912844,0.8199375141294526,-0.22840204069580544
2006-11-03,8.282137167507177,-0.8752197529175418,-0.18046527955848438,-0.619672353309338,0.15461179927338212,-0.49833698517184544,0.810559741445087,-0.260336693934917
2006-11-10,8.332652650256472,-0.8386557651523456,-0.16440825233640471,-0.6339448469924337,0.16992144031339879,-0.5068133379184208,0.7782104578599806,-0.254984478698523
2006-11-17,8.369863988157242,-0.8126801546060163,-0.17406145290653072,-0.6468273445664604,0.15371485077464078,-0.5230210884827152,0.839136603145985,-0.26472428026015576
2006-11-24,8.287642335848423,-0.9062254845561103,-0.15496585875063287,-0.6533730580389425,0.1581228570107281,-0.5210563696722953,0.8344340904761958,-0.2674738664862708
2006-12-01,8.233671593773984,-0.9632979997090029,-0.13613064183334786,-0.6573626751631553,0.1619350902383855,-0.5215740046736107,0.8115559275945727,-0.25136418282682044
2006-12-08,8.236511226277111,-0.9706572464118571,-0.16176958441238143,-0.6728173145383449,0.16368421072112,-0.5386785278256621,0.7895783118937625,-0.2790167710915777
2006-12-15,8.229889945067454,-0.9854517208740466,-0.14794688270821268,-0.6869800998779476,0.1863599236884055,-0.5535135147543663,0.8323785732563448,-0.2944240415923385
2006-12-22,8.160323826293217,-1.0468005487471312,-0.1402023573646506,-0.6957469332415609,0.17512639155942825,-0.5716100847510184,0.8556726703598897,-0.3236918794047696
2006-12-29,8.16966691903962,-1.0493855068771676,-0.14055728847461427,-0.7115707580651427,0.17286574447140804,-0.588791349538256,0.9115799131921434,-0.33840373594226075
2007-01-05,8.201712564265794,-1.036242881620035,-0.14761656197296655,-0.7241310139599497,0.22108177670113924,-0.5976097803072551,0.9013233511794014,-0.3659025485117561
2007-01-12,8.304079115100443,-0.9677546992205868,-0.1336939893926235,-0.720923195974978,0.2243959814887425,-0.5790449304418668,0.828619210681912,-0.32238101230225485
2007-01-19,8.25134719009141,-1.021891085443646,-0.14521031032206874,-0.7378829552820784,0.25000571580675923,-0.5885834934567771,0.9030280568138811,-0.34338119249761195
2007-01-26,8.22295891635742,-1.0526769439016042,-0.12255756056706273,-0.7526804956413644,0.2181227825783265,-0.6050871303092549,0.9602821426189084,-0.3652181449904901
2007-02-02,8.247824418677718,-1.0432185871668578,-0.12570294698856427,-0.7617426793642678,0.2073787695092776,-0.6145553686924768,0.8798552993911459,-0.38552068212327195
2007-02-09,8.230228250031162,-1.0653579791539323,-0.09713808497124202,-0.772173394176904,0.2025540239186996,-0.6304854164687707,0.8707592744723408,-0.39096896203252235
2007-02-16,8.266697109627055,-1.0470942109605892,-0.09676607129354092,-0.7888787181998872,0.2016167040040845,-0.6485198567387355,0.9187413715400177,-0.42231244849245175
2007-02-23,8.286129010318813,-1.040770215763406,-0.1048959052813799,-0.798598738928967,0.2166644151437044,-0.6629826949071935,0.8851598576924531,-0.43588807248431194
2007-03-02,8.148528055272532,-1.151022668464439,-0.10282859119661969,-0.7862552481370734,0.18205060442424872,-0.6407857328156955,0.8750714589011171,-0.3619740714026392
2007-03-09,8.174857645422636,-1.1436176508150693,-0.10082813250483026,-0.7943976744170202,0.21799119438076592,-0.655330994151628,0.9357937733847357,-0.36645731980101687
2007-03-16,8.171181999315804,-1.1539760111519959,-0.10465866154566758,-0.6615385665225878,0.22494979320631805,-0.44465941489679595,0.9301139207283509,0.16068677567533693
2007-03-23,8.197445100700623,-1.1458892046251743,-0.08219253008245965,-0.6608278255553661,0.27139154453122705,-0.45885407436890513,0.8891838855957463,0.14770709248466363
2007-03-30,8.168425934572026,-1.1721715207070675,-0.10449881814627665,-0.6795404664726516,0.2591466586613758,-0.4680424560467925,0.8906309418471466,0.1453760155256054
2007-04-06,8.213812621697217,-1.1523849793989143,-0.06252053285910668,-0.6704757294291215,0.24708689002878556,-0.4455025997319297,0.8763314166133656,0.1264372463904822
2007-04-13,8.21535633014424,-1.1594666238879678,-0.06231145365838601,-0.6834224246049795,0.29212163232578037,-0.4618344157293109,0.8433639597479912,0.08465338848912951
2007-04-20,8.247007224230364,-1.146320038843827,-0.05514698396020683,-0.6865401322176368,0.29163202061005805,-0.4733206691146455,0.9104790755847865,0.1037971711913706
2007-04-27,8.29101890280397,-1.1227683728809088,-0.05355233913635161,-0.6839487746937152,0.2925009155042985,-0.47238520703176656,0.9067941424690572,0.13145058130187273
2007-05-04,8.292626377494143,-1.1298771310400264,-0.052968115259664425,-0.6684165633638064,0.31700163926085934,-0.4520621291231137,0.8968645255170304,0.15001675068308074
2007-05-11,8.289840036892256,-1.1402859237654777,-0.05016990585553761,-0.37295043826968105,0.29775023633328734,-0.07671282986924641,0.8967091944956952,0.5154679043161855
2007-05-18,8.280920119431133,-1.1551755005036768,-0.04600575157342303,-0.33123256213871866,0.29014066732319527,-0.007796963389900059,0.8984058919772434,0.5175973860933865
2007-05-25,8.272709561988801,-1.1692731322132195,-0.06491981023964413,-0.32689620597703367,0.28576969644642186,-0.03301978181012624,0.8781281174254143,0.4657563760229492
2007-06-01,8.306710745710848,-1.1524313596315316,-0.040282741093273816,-0.3205975546323243,0.29411794086374443,-0.03210531173410323,0.8712864460423234,0.4567310163069668
2007-06-08,8.286034674909956,-1.1761659041575032,-0.04197692361145389,-0.3366158829794873,0.28791984538881155,-0.05788389338940143,0.8845246530950489,0.4258315016684662
2007-06-15,8.322461042584587,-1.157068761338862,-0.06338094486119683,-0.32791907416185084,0.286916146307386,-0.07425791086416929,0.9181107470763169,0.45225759102263724
2007-06-22,8.303217734394867,-1.1799864843915626,-0.05969470152744064,-0.35131759925380823,0.2935560781548538,-0.08684195947987912,0.8576684785540425,0.42868107286901697
2007-06-29,8.315845877366014,-1.178473189602773,-0.04255697076298673,-0.37172454564967367,0.29802916169064797,-0.11392138003815676,0.9321191064434894,0.3922390672147924
2007-07-06,8.371134412009114,-1.1431069003645304,-0.04718077455175823,-0.3582350275082894,0.2870842040238929,-0.08579064854003329,0.9406901717479115,0.37597575641468167
2007-07-13,8.421156775586358,-1.1081494707263917,-0.04076229466683081,-0.3232709549740747,0.29971782136175623,-0.05192818531905365,0.943084083747935,0.4410829664690915
2007-07-20,8.424775376488892,-1.113261699072087,-0.02070006402440403,-0.34865220609039344,0.31553100338940393,-0.0815701313689162,0.9615329177471412,0.3788082369409584
2007-07-27,8.344471856273584,-1.1918272384374609,-0.027703198306889103,-0.31904743147674214,0.29976403839868543,-0.018536678266362218,0.9515192872202844,0.5686484195264699
2007-08-03,8.294967415817025,-1.236885484069648,-0.02638101848141635,-0.31296188580202156,0.29695033401678655,0.019718296738083185,0.9814858538764405,0.5438914303193003
2007-08-10,8.294018474116374,-1.2451243335079034,-0.0326558817069441,-0.3355395919138273,0.28593690225195917,-0.016736364754142325,0.9537139182818181,0.48731929800377044
2007-08-17,8.240038708386354,-1.288182929529224,-0.01877454761638769,-0.32611881378251906,0.2893738993097038,-0.015098479695748441,0.9501257741333689,0.5228858980732953
2007-08-24,8.307073958489777,-1.2533757867031294,-0.01184082186817779,-0.2865868984347838,0.31218195912384356,0.03772999736075188,0.9007770941126402,0.629962671821037
2007-08-31,8.328179573688242,-1.2459214065315145,-0.013525280791524786,-0.2891879106006374,0.30243793975037647,0.013763396928347922,0.877605824135342,0.5879878991124392
2007-09-07,8.298732890047452,-1.274428655309154,-0.01094340957142029,-0.3030071933009945,0.3128945258116888,0.007577181627931758,0.9086059272974004,0.597450759944637
2007-09-14,8.339247738855581,-1.2536188033606155,-0.02294993790545281,-0.28466720472720897,0.3374985991232079,0.04428690757448986,0.9205883846227878,0.5997178016421683
2007-09-21,8.387195760016942,-1.2246977558684655,-0.017252253912680104,-0.2740688038008968,0.33917379971598627,0.0636824892410719,0.9439319283215438,0.6380417114258938
2007-09-28,8.42939784931534,-1.1974047610591818,-0.04086249600457044,-0.2757242963090878,0.33250595161614677,0.0683541344346731,0.9496731190528109,0.6170343055783326
2007-10-05,8.517970356745016,-1.0858302091189347,-0.04100090756990441,-0.19902394245159558,0.30557908067826306,0.1533588793995874,0.9396166885866681,0.8230397606820236
2007-10-12,8.542529953765893,-0.8790534510846253,-0.025524383616024222,-0.2288933819676274,0.30123036981894213,0.10907264055347579,0.9675605568158255,0.7896977736020524
2007-10-19,8.498403911881741,-1.1610389078258452,-0.01740199301350589,-0.1956423639949405,0.2920700117343772,0.11581339653547523,0.9933549587745995,0.8335995609755715
2007-10-26,8.55911052311564,-0.7961374080567695,-0.023468456216583698,-0.18278712935502459,0.33268631622797346,0.168502916225638,1.0104068817749374,0.8964892208959475
2007-11-02,8.569279414182974,-0.7203598243664068,-0.02919806843398171,-0.20754652319350197,0.31857278129455424,0.13606734974974372,0.997326124238258,0.810735435703021
2007-11-09,8.392698228033867,-1.2852016220325524,-0.006549129346574697,0.15177854428762844,0.33934341262635187,0.6100005756702497,1.0251223228607151,1.4340202409850848
2007-11-16,8.396895635777625,-1.289282680050635,-0.013747196241749679,0.1002711452085685,0.36111059514452337,0.5244191347812271,0.9707182649492853,1.299980169894679
2007-11-23,8.472799290016868,-1.2365115874436516,-0.00250559431995439,0.18189464308784792,0.35984135997094524,0.6258362547830384,1.0082192772635135,1.405348420663289
2007-11-30,8.434587336936655,-1.2764190617152298,0.004676884957960617,0.1404735123564559,0.3889659492820526,0.572365644367136,1.014327594475827,1.3074030909148129
2007-12-07,8.470417126546394,-1.2543477002336962,0.027594587208866577,0.11957456123182156,0.3517265801571219,0.5532253046027275,0.9854210251346561,1.2285451974590706
2007-12-14,8.430838365758696,-1.2946837205802855,0.03351596465958366,0.12700234230731572,0.3830230362294634,0.5294905199443604,1.0148126591826307,1.1968580510629172
2007-12-21,8.46879027459687,-1.2713730795715774,0.04091069503569399,0.13456386062768794,0.4105014380183689,0.4947352237994275,1.0143470254859976,1.1574170242035418
2007-12-28,8.49538763082771,-1.2559797039725702,0.005763781946705031,0.10435772529602867,0.380084280399547,0.4405807089064022,1.0939065312200402,1.1054102302613027
2008-01-04,8.353819021481067,-1.3769382475363772,-0.009756500125573206,0.31225806320712163,0.37139092573536014,0.7784411168076641,1.0843595996767994,1.4892103652124857
2008-01-11,8.270903772004162,-1.4334827157346905,0.01076011889722971,0.34564658494475936,0.3664667146917266,0.8335639125984968,0.9836382164176085,1.6476047829372422
2008-01-18,8.197605766935162,-1.4744691787613582,0.01279733235740377,0.37020910573837656,0.3233596500864012,0.8188162438151176,1.0236569533534698,1.7226789842289731
2008-01-25,8.137107469771369,-1.502431857050585,0.012634870130116459,0.32769813477473997,0.3497185308914119,0.8322937277277505,1.0078136834579405,1.622923319386961
2008-02-01,8.205621683600885,-1.4856213386284378,0.019938656519168686,0.3290449428069838,0.37980062196305864,0.7958198094269697,1.044892741751651,1.6594976958909886
2008-02-08,8.105213255930005,-1.5265579535565788,0.021126933694668774,0.36493459456692673,0.3758607024515119,0.8929129535304918,1.0623073032678176,1.892853112678678
2008-02-15,8.106153085748014,-1.532120268638622,0.026899665334956784,0.31487489469082675,0.39424884181671815,0.7874624923390805,1.052973884831304,1.6820197013446763
2008-02-22,8.095567124965026,-1.5403889179133217,0.017260864550256282,0.2841932586968626,0.4070689659341719,0.714154273609355,1.063568635070306,1.5127565047230997
2008-02-29,8.058509529850706,-1.4163760554415539,0.023395836312308845,0.2540095522867086,0.35964664684125663,0.6561028497281004,1.0821542132426745,1.432681219855794
2008-03-07,8.014069184250861,-1.160329196829833,0.028968961754071387,0.23856566861485218,0.3670318926973625,0.6354724995928874,1.0518135405486773,1.3696602784356162
2008-03-14,8.020428844235745,-1.1782209732055362,0.03777391585307887,0.20650004709512285,0.3622184791996545,0.576024877008711,1.0444528306318173,1.272624785007076
2008-03-21,8.100183422112451,-1.4685878326606596,0.05773015372780911,0.20133724732343994,0.36956166893054204,0.6081795433498588,1.0232285377006258,1.3227197534618924
2008-03-28,8.114695116608265,-1.512658412693918,0.04188303653164874,0.1773971733933073,0.3931304918348357,0.5602697744009266,1.0288762712739814,1.223322777185044
2008-04-04,8.210924244804849,-1.5417974393692306,0.04440744304260088,0.20061969065677737,0.3610776811457723,0.5860506561833003,1.0258857148949783,1.3000757602589559
2008-04-11,8.136334527307989,-1.5748395525620702,0.0439734978604065,0.23359282104775617,0.3478495378806482,0.613188237088213,0.9955554561303869,1.3572719158182598
2008-04-18,8.246108834313123,-1.5429074989291354,0.024519124028399942,0.30616128436473183,0.34568726737835387,0.7203034618238654,0.9940289904191412,1.5373075611645328
2008-04-25,8.265370414519493,-1.5399714558082978,0.03750946455829047,0.26091612915878704,0.38327607250185936,0.6515671092472695,0.9876940900719259,1.430729324214829
2008-05-02,8.334974236638516,-1.5097214083271364,0.05794819639625683,0.26037858123931495,0.36488925806164924,0.6542523287303947,0.9411540775824534,1.323247864624984
2008-05-09,8.304041802258473,-1.5336889679050953,0.045634334424237165,0.2510207495904809,0.3569819822816405,0.6396624033318917,0.9686767884878733,1.2914986227501712
2008-05-16,8.365710833349974,-1.5044095608924835,0.0597532463996696,0.2272036727675499,0.3840060444404136,0.6120062269098199,1.0054562614740212,1.325615275019261
2008-05-23,8.290055503648253,-1.5555559338058982,0.060842353820032606,0.24610517403860474,0.3608296417741602,0.6621914958403171,1.0474235918025616,1.3780075613954996
2008-05-30,8.321871266608715,-1.5447325856971994,0.08663017258366788,0.20073501706707242,0.3641006429111449,0.636852656780919,1.0123791902394943,1.3352871503705561
2008-06-06,8.279282728216208,-1.5736270043564033,0.0803751248396651,0.20056765461579942,0.37437593685088627,0.5619651927724457,1.0060826321934935,1.2978138548779854
2008-06-13,8.254169080678071,-1.5915159850544043,0.0709400615649459,0.17253329529763534,0.38384950519358496,0.5452175944600068,0.9366921486524914,1.2193792421886467
2008-06-20,8.217021955695285,-1.613241631653047,0.07577589603092427,0.14488478925335244,0.3480823240251173,0.4828753454075246,0.922169358906577,1.1642690362580435
2008-06-27,8.139440252542796,-1.6455332815949566,0.051514746043487825,0.1807984413163683,0.3523580097832893,0.5133299443450775,0.9477871083180163,1.204498819735067
2008-07-04,8.096439200803468,-1.5800752700506882,0.06297739450289198,0.1555040051367473,0.35440386626651565,0.49973345939976593,0.9649874130808377,1.2072958825352793
2008-07-11,8.07942433033399,-1.5174003170037436,0.05896591171757201,0.12437627391539714,0.3664973346426254,0.45831108228785344,0.9602674351429563,1.1184751359269536
2008-07-18,8.100400611657662,-1.5248716343061637,0.059040617295519675,0.11358262191574348,0.37518273589544515,0.4356946427985657,0.9685001701779559,1.0956230474357567
2008-07-25,8.159354591263583,-1.6629397415806566,0.06582843888945765,0.08580699521074223,0.3624231835645983,0.4287984997144297,0.9444775233880578,1.053583470708473
2008-08-01,8.134930843301948,-1.5902172354522812,0.05987424500989049,0.08431722377683772,0.3742257759387541,0.3831138037173519,0.9437739536144201,0.9638036248726373
2008-08-08,8.235097158620011,-1.6499674639252746,0.08026852088964409,0.11671006065858539,0.39000455956387936,0.469978631799219,0.9711321017470113,1.1383102053730323
2008-08-15,8.26483152194107,-1.6429439898959746,0.04077603075206979,0.09041551765471081,0.365575927674642,0.4295945888080893,1.001982207175466,1.1114770698916503
2008-08-22,8.239577301060406,-1.6598092873032608,0.033821820599544694,0.07332389913904384,0.34491950860325105,0.41434071979342046,0.9856257636901592,1.0426949965582324
2008-08-29,8.172763550786458,-1.6779899764611008,0.04361494185396342,0.07904047900254584,0.3682956571013495,0.41970316734383945,0.9780954277148178,1.1244589367535884
2008-09-05,8.057017249780523,-1.4196002841708164,0.025938196278582383,0.14132657519855663,0.3462547499971464,0.580502997112087,0.990982315336976,1.2483623414666767
2008-09-12,8.055859680951286,-1.3976916859505375,0.04793076299796043,0.11064716530944303,0.3774734004441314,0.5372967877492116,0.9872975758491104,1.1785541679161375
2008-09-19,8.028946442830206,-1.290466944763392,0.053961781985021204,0.08997872244893554,0.3753693373565396,0.48690053241615017,0.981867293155664,1.096243885461586
2008-09-26,7.94655524601617,-0.9703680283359235,0.0549375781958735,0.09044286436712917,0.3640278477937925,0.4916815175845158,1.0019590265565883,1.2168579747225958
2008-10-03,7.707439109682512,0.08423470583116824,0.06314883163099867,0.4536647308874294,0.3771141747230483,0.90293965152398,1.000571812893386,1.7857803176553633
2008-10-10,7.402798091853126,1.7862589065222714,0.07809803996630145,0.9645876974227645,0.38753006550977814,1.6095352369719764,1.0144402343310857,2.744625416285084
2008-10-17,7.467043306924407,0.929341993430572,0.08314638788052568,0.8800303137784993,0.3874740147703759,1.4601371321201362,1.0749834074924915,2.5163561299770976
2008-10-24,7.292859657764152,1.8147083191984124,0.08112293868961158,0.8991571843798891,0.3920140265684229,1.6504538761313179,1.0437306524741108,2.7833903574607906
2008-10-31,7.502096288274692,0.1712492676461442,0.07670018710715568,1.0766225450989007,0.39692213152725414,1.8563998901032566,0.9684574116329466,3.264646837981852
2008-11-07,7.396636530019714,0.5792478943353878,0.07506182814071699,1.0415647385584956,0.38918158997873353,1.7614916320396297,0.9880431965066795,3.207385396898821
2008-11-14,7.219833305147347,1.2936595223053147,0.08555423017256514,1.0775355439334167,0.38736618361786074,1.8896906415834098,1.0670713974962152,3.2675656279921816
2008-11-21,7.045584622046212,2.026022285882936,0.07168845084115073,1.0962726059338388,0.41454356788882823,1.8315682702991445,1.0309248400520357,3.2863959014991266
2008-11-28,7.284417198714017,0.4435202366741888,0.06556704595861831,1.2247839959743554,0.4147200775725608,2.064637123383546,1.105681583600347,3.8049818951803087
2008-12-05,7.265776170926335,0.45683683970479533,0.0804037157461706,1.0975940602771905,0.4146580151406749,1.808182157296568,1.0890648812238037,3.3213207643371696
2008-12-12,7.309291596155018,0.24333978487950336,0.06462045025697857,0.9866807764849442,0.41594398973228935,1.710123090325376,1.0971412567023213,2.97752079754409
2008-12-19,7.371526266228954,0.00014077985944292463,0.08508500192272418,0.9522424872478664,0.4326425422221557,1.579429098031722,1.1001557359843726,2.7979289629359005
2008-12-26,7.278884492135716,0.2456743895145172,0.07934271520222158,0.8877294780129731,0.41555992592748703,1.5478972464049576,1.129416637336508,2.807069031894803
2009-01-02,7.406285719411914,-0.18723838626094758,0.10408605498564363,0.8683527056040797,0.4281184104612732,1.5280788058253423,1.1177217382256115,2.8572408073679174
2009-01-09,7.330465392864419,-0.010840118395365016,0.12564124039117813,0.8360614352194424,0.43493599618250584,1.4217918449525255,1.1127075431183022,2.566900635097725
2009-01-16,7.289174106782212,0.07964051350498377,0.10544531308886257,0.7754792632901801,0.4836376109930594,1.34608433875272,1.1471589831850706,2.422496758146267
2009-01-23,7.242112209205149,0.18490579116324846,0.10822341702857873,0.731856428516719,0.4416633651034365,1.3085920952506878,1.0581811387257773,2.3054972176296724
2009-01-30,7.249145328315234,0.1344061421982131,0.10022636910345151,0.6858990294802183,0.4535302332084001,1.2297008635718036,1.17867428773232,2.1833731548628856
2009-02-06,7.40715772194378,-0.32098078907310856,0.0906556053214125,0.7197018496806906,0.4561642414442849,1.2558829684447963,1.1568960227738827,2.3728305491642017
2009-02-13,7.338354743398361,-0.1848726863375165,0.11246222310931495,0.6514409530205458,0.43768274717697564,1.1843471204566074,1.0456251165463022,2.1852844448716757
2009-02-20,7.224428399572434,0.06115340300389368,0.10261731816090523,0.6769671144306935,0.43099083888652706,1.188452170025879,1.0733039864541007,2.2133047354033386
2009-02-27,7.121311900588983,0.31718486268657886,0.10105931992542766,0.6481703444951317,0.4391822166172972,1.1352812306993856,1.1164416449204317,2.24880341659282
2009-03-06,7.024798942703778,0.574618718234403,0.10702511097954041,0.6280330237448448,0.4199357406148895,1.1305869314697892,1.0518873842949499,2.0750808723173373
2009-03-13,7.2089815769004195,-0.04942359637883589,0.10548514361526964,0.6665487237652754,0.42576280481392653,1.2176335106882623,1.0892134490784156,2.26073836516749
2009-03-20,7.240679176258143,-0.14463673712034078,0.12113616279124706,0.6185268995141825,0.4434472884894345,1.129553571611707,1.0604053173666697,2.119128068541212
2009-03-27,7.345638715756592,-0.3841560087309266,0.13746068343974588,0.6230567088726588,0.42190568980118515,1.102781132699302,1.0269310693194598,2.0590774649519483
2009-04-03,7.446960199743861,-0.5760118503045354,0.13037426504519006,0.6010069665708423,0.43625223083310394,1.079484028906058,1.0464930068301646,2.0780269350439013
2009-04-10,7.4710000211479315,-0.6201746277745042,0.12979536051771615,0.5789709930022247,0.4313643304724222,1.0098077261913432,1.0138360541397535,1.9683384149202638
2009-04-17,7.497641759948821,-0.6655602720181705,0.11330089263209743,0.5100522226174886,0.47070348807990325,0.9757543424550879,1.053509050245907,1.8965776343965997
2009-04-24,7.526062410870341,-0.710566430809193,0.12237177847680214,0.48227081467418725,0.47526885013602077,0.9265897917285465,1.064953714095718,1.889965301139903
2009-05-01,7.559401913503642,-0.7587866681115606,0.14018735637208404,0.46040900122086764,0.46015469962104427,0.89223751899333,1.0397446334267564,1.76927015472901
2009-05-08,7.554621130038436,-0.7590306853832381,0.12231668023631058,0.42920507586225765,0.4686133928333837,0.8529566413877057,1.1069774588567058,1.7088688701774288
2009-05-15,7.4969228588710095,-0.6954319783680724,0.139809402300611,0.4131750425410899,0.46515880382309,0.8352242332550873,1.1062066273455369,1.6302037442197497
2009-05-22,7.5017895496661104,-0.708189642629679,0.12659677894752658,0.38575321056700007,0.47049618994170134,0.7957822591048823,1.0687824219134954,1.5683706232055372
2009-05-29,7.635609735135053,-0.8767146859171739,0.13350725444313416,0.4232606607122661,0.5026649816787725,0.8288925413367214,1.0415001096228698,1.5975907864244965
2009-06-05,7.712300261357084,-0.9494202313977436,0.13572204277582728,0.3799467487223625,0.4839143674668404,0.8152841969037619,1.084083155931941,1.5831374378373493
2009-06-12,7.705646448886613,-0.9496421702178096,0.1439103253166145,0.35930709572566905,0.48964565513845265,0.7662665565489815,1.0978988722373726,1.5215721649318958
2009-06-19,7.680399287942943,-0.9357719850097856,0.14343267886701386,0.3296934219555099,0.49530414401654743,0.739757176710001,1.1087328888591674,1.4941784836874847
2009-06-26,7.691494695513375,-0.9495602527314576,0.125074066195247,0.3044248142143355,0.4618945362154186,0.7117762078691239,1.062594023525707,1.439923433159446
2009-07-03,7.645208404134165,-0.9181509675802537,0.13913936368782037,0.29061459092970615,0.46501300140892715,0.6637214472479591,1.0944717397591603,1.3684850219339788
2009-07-10,7.60757329645148,-0.8896127130892849,0.14508680681692393,0.2794383749564492,0.48235893773309185,0.6457135901087868,1.0283578427286981,1.3730055949690971
2009-07-17,7.743418213217666,-1.0139809784318219,0.13167936933413765,0.28877148004449366,0.49301932670756016,0.6965048652055434,1.063367671256225,1.4096597015366898
2009-07-24,7.835246294054828,-1.0679374829937518,0.1542315747730244,0.2944535388346754,0.49619837465438954,0.6595104553960821,1.0334964458271445,1.4355671750698393
2009-07-31,7.840623130024897,-1.0747494265441333,0.12388051294115984,0.277576738831111,0.47690515652550924,0.6266819285733056,1.0306034615952266,1.3818950820811433
2009-08-07,7.857792353487673,-1.0851411645887097,0.15064201227444274,0.26456404490199004,0.4691714450536336,0.6044591092188518,1.0478817907214883,1.322519689439575
2009-08-14,7.849707862850654,-1.087701799358029,0.13067808053507632,0.2449159794938341,0.4675306636588658,0.5753578089757901,1.0883047843291698,1.2738596113748835
2009-08-21,7.87526925155014,-1.099890249175297,0.13273564038223198,0.20902258069673108,0.5262529304234124,0.5570003019375819,1.1243015296570762,1.2674072260268587
2009-08-28,7.879561962882895,-1.1057006680071715,0.14123508767420598,0.1903713456975618,0.5110400055052882,0.5386034126458313,1.0840212483531833,1.2157792434696826
2009-09-04,7.878987270759281,-1.110349902534463,0.14385103254546155,0.17526411612487366,0.4983839076677974,0.5165008954062027,1.0767987565364925,1.176521907219169
2009-09-11,7.933974883702072,-1.1183870495914716,0.16198725879481227,0.1522792942410789,0.5017347706797778,0.5090243388057807,1.130324910723789,1.1389998365380005
2009-09-18,7.980584715139255,-1.0936782334203097,0.1553748828324516,0.14580732512450537,0.481688155358358,0.48759183963778596,1.1307825101011222,1.1229194925751438
2009-09-25,7.943431427436591,-1.12404286621801,0.15125184538655512,0.12967678698911245,0.4890042969994837,0.469781805732709,1.130201577319415,1.1157763708903918
2009-10-02,7.906441372621444,-1.138702742108402,0.1573627196110231,0.12456579138205315,0.4884751567660974,0.43988028352481523,1.1102139630231749,1.028518718718073
2009-10-09,7.971257088274481,-1.12029743535796,0.16211308681989542,0.11965312477833041,0.47939839376086296,0.4493979020834166,1.1239906601752605,1.0149256562270006
2009-10-16,7.984485155179455,-1.1153061332235379,0.15071804979326647,0.10498909337728202,0.49203931946678253,0.44202863786990026,1.1532980015740095,0.9887956180404752
2009-10-23,8.000301481764271,-1.1076884008431362,0.16779605814586007,0.0888595218078565,0.5232003522816012,0.4280791530347036,1.1478366461099794,0.9553944465334122
2009-10-30,7.898347332516793,-1.1642534522595043,0.1957654662940631,0.09781063515280333,0.5147903869576853,0.39303180237311874,1.0855473924090564,0.9543900231737117
2009-11-06,7.968976537232825,-1.1516960574719424,0.20559058033123737,0.09899353886486041,0.5073213488929091,0.4187733348507367,1.1459161271763219,0.964189564394511
2009-11-13,8.03426612351314,-1.109839075690726,0.19629064777947572,0.09312942137444652,0.5044473178794965,0.3976464761476592,1.1222650189562458,0.9713824588059005
2009-11-20,7.911587714397934,-1.194545448868427,0.18454653320533712,0.09986053379165115,0.48711624572763657,0.41381782378607207,1.1004302024462145,0.9677592750585685
2009-11-27,7.910031141401798,-1.198894823017792,0.17023043467560134,0.08358683224659477,0.4975659456792982,0.39031851687651237,1.1561820995039664,0.9321016925388875
2009-12-04,7.943122497643984,-1.2011521548202113,0.13262182447058324,0.07746209482439863,0.47648946675370923,0.3821005825031487,1.0898377115565607,0.9346993848221102
2009-12-11,7.942734839180829,-1.2062080319585418,0.15198920551536382,0.061403546657216,0.47454186583618035,0.3675834386058801,1.1542802584704328,0.9063431669044726
2009-12-18,7.963723579585138,-1.1992092870408992,0.1460833205160174,0.04566835993548808,0.4696234345782603,0.3412182847253723,1.1345882144033992,0.8871404882627305
2009-12-25,7.949426664976559,-1.2122539584549803,0.15658204348469804,0.038605073975374354,0.4559287613816564,0.3233717073283579,1.1050665138346552,0.8622326659385589
2010-01-01,7.944923367758935,-1.2194753900772846,0.14459310469090747,0.028195874041336923,0.4590799269522215,0.30620797375019415,1.1034739107636546,0.843073042501153
2010-01-08,7.975254444003462,-1.207053657367248,0.1470551989172349,0.006982280771335866,0.4695337465115166,0.29486166372829625,1.1933810099471902,0.8268006326883259
2010-01-15,7.936174035658861,-1.2349094171020532,0.1332312351082956,0.004507103248876261,0.4921285150094674,0.27880111742939817,1.1035068873534084,0.809963967326539
2010-01-22,7.859962664303279,-1.2286507817405197,0.14173090151380557,0.026246484563777865,0.4952715002892498,0.2610432662161881,1.1104731943578132,0.7776016474635495
2010-01-29,7.799110231633311,-1.212453702104043,0.1205520166793424,0.013540802271510458,0.49363594514007764,0.2682517361569458,1.055211132778558,0.7470142795159895
2010-02-05,7.8020237790034415,-1.218118291206231,0.1213257146636031,0.0017597741829772076,0.49363808477494964,0.25679948603822467,1.1036390177958382,0.7265767513137901
2010-02-12,7.8372631341851,-1.147383044027863,0.13460102366836624,-0.0014576313552564207,0.4872062386182529,0.2455320049990529,1.05234707204766,0.707294950024847
2010-02-19,7.867950470431987,-1.1234952044362152,0.15158759215090084,-0.0026866395507157345,0.47151789614819306,0.239956659926228,1.0215368064038572,0.7071163775500726
2010-02-26,7.860970990829569,-1.022406484182317,0.1563648065573495,-0.015676804359785815,0.4818024982697589,0.22072728185121393,1.0572432710346522,0.6910596897008207
2010-03-05,7.936316248705364,-0.9352296282919157,0.16349876390559556,-0.018575011486800852,0.4975394543932123,0.22847616449735145,1.1359536907565917,0.6962152082240383
2010-03-12,7.9700526305841555,-0.8906789014902267,0.15269020901843128,-0.03139780044728939,0.47398870700583007,0.21921352607403366,1.091839313038724,0.7079512387310466
2010-03-19,7.978419233119146,-0.8860214182843712,0.13900626457990906,-0.035851792621254076,0.454214450511514,0.2013634574849298,1.153139968507828,0.6740134836416483
2010-03-26,7.997917380505299,-0.8616403545593188,0.136430070308626,-0.03595153477337344,0.4542155359115277,0.19206191700480316,1.1245017246918825,0.6458546001232627
2010-04-02,8.005276081529267,-0.8583074061619868,0.1264307338151514,-0.051686652282088276,0.47482724288578004,0.17847358070158642,1.1166823660652707,0.6216443313928673
2010-04-09,8.028588845429566,-0.8255077071202666,0.1350028150134472,-0.05567303748571579,0.44882310895247907,0.17199129099566546,1.126123488687495,0.6008537146835807
2010-04-16,8.035319451773661,-0.8230375887483019,0.12908209280953747,-0.06950598995745431,0.4592979572612482,0.16040352536590996,1.1144852929165665,0.5791000180314493
2010-04-23,8.073229581137646,-0.7599076150544134,0.1331109861332365,-0.08314957452974417,0.45221386463366664,0.15105857301627645,1.1749402665844497,0.5674278508204021
2010-04-30,8.019311934343788,-0.879422325007595,0.1404030916402754,-0.0713660906270464,0.464537684104362,0.15317604767051127,1.1255100643682523,0.5912803618939029
2010-05-07,7.858810451096532,-1.1373281264150825,0.1463323115106433,0.014198701231321945,0.4974958092642834,0.27831349384054804,1.1554265393460785,0.6779394455269436
2010-05-14,7.915888349735828,-1.0913605005565363,0.1488940071763593,0.006722317750626532,0.4895079495755488,0.2611891958063895,1.132770331308467,0.666507939089023
2010-05-21,7.827767052784762,-1.1925675664407394,0.1542390438830167,0.029543558127332573,0.46296312223853425,0.28269038403487357,1.1770630584086872,0.7296947196883057
2010-05-28,7.812714368823947,-1.2115430315621913,0.1576656203829658,0.00779284973916028,0.4536133530863116,0.25912277141537526,1.2118107428859957,0.7028635584738139
2010-06-04,7.787622224605776,-1.2349570228905737,0.148542341106578,0.010906812357725428,0.4623505978995215,0.24844730203979243,1.1540364618508734,0.6686558223152765
2010-06-11,7.80376210065007,-1.2350822158961476,0.15889662247643663,-0.008423136529739954,0.4870661938488431,0.2334919886736342,1.1489510194919055,0.6518991963075854
2010-06-18,7.874407846731022,-1.1966141731272746,0.1485338449365173,0.01147150670246273,0.4467502849294322,0.2605658306458194,1.1751058975694437,0.7023218541863062
2010-06-25,7.796297815564253,-1.2689048746259193,0.1715778371896163,0.033008660485916795,0.457061021885917,0.2686817190848758,1.1726328270689403,0.7681970649749281
2010-07-02,7.669596162349213,-1.2737551762955373,0.15464941723247855,0.09985274664220081,0.47033680253037996,0.4067017457944804,1.2029013679945695,0.9739453824115231
2010-07-09,7.766389346792667,-1.3279889832279947,0.15871075930491516,0.1986292087200677,0.44412821262378793,0.5112431513349602,1.1294951283868218,1.2797949910636883
2010-07-16,7.75378602348841,-1.340533755569283,0.16653798291787608,0.17029499576003507,0.45800049967765644,0.46908148605931405,1.111280958794457,1.1705554256508897
2010-07-23,7.832012047566686,-1.3179850987873776,0.14988130837425181,0.19570821220246767,0.4636216335499382,0.5365823242021849,1.0893372514544835,1.2630368218739827
2010-07-30,7.819763348937252,-1.3343422577322352,0.15854813224674794,0.18204270676437995,0.4639188088015064,0.5164308000095367,1.1098955429950916,1.1453345165157474
2010-08-06,7.845629104729758,-1.325807244539377,0.16255892987649828,0.1615797561331989,0.46958803358978507,0.4670610406225745,1.120144059344702,1.0587251782855458
2010-08-13,7.750299409707895,-1.371440981858227,0.17293765326004976,0.21272723966873971,0.4899989215788802,0.5233306685033011,1.078062799263586,1.238972435618425
2010-08-20,7.757182384488636,-1.3791748877783685,0.18272589036808143,0.18205862014284763,0.4773897524447128,0.47919203784332987,1.0769123582598634,1.095308881515112
2010-08-27,7.71190748653065,-1.3570571871776016,0.17692379621048457,0.16775356958224294,0.4812474152457018,0.4554637562339626,1.062811162046992,1.0599290630875633
2010-09-03,7.795484009547584,-1.4103407027128436,0.196890055428514,0.16048013593020644,0.4794642974170196,0.45776561646299807,1.0619417414848138,1.0926298640401777
2010-09-10,7.667850072112201,-1.3496457638955384,0.209442373710173,0.22569236456792421,0.5139159466418465,0.5891283169997444,1.05061050711613,1.2951188973189416
2010-09-17,7.733938022200741,-1.4014095161074565,0.19039848660004208,0.22057373651786144,0.4952015794411221,0.5406014663220368,1.0694986841589,1.2174751703660764
2010-09-24,7.79932254683002,-1.4408088849937255,0.19143871167130896,0.2519115522094729,0.48892671015901296,0.5647191040766069,1.0458906117371598,1.2962143426840864
2010-10-01,7.772126848233018,-1.4332104975982016,0.1814453394091142,0.2118890137975998,0.5006562408699623,0.5432128971688793,1.0454733116691157,1.2034535825790074
2010-10-08,7.7990914849796305,-1.449594582804516,0.15754268909607913,0.1979735918826337,0.48871284282997934,0.5016592076722317,1.081711690118142,1.0598952994914541
2010-10-15,7.867638122433068,-1.448229726950394,0.1654813976366774,0.20418840184634923,0.4870549664438265,0.48686399995360935,1.0650815832656768,1.074341511074235
2010-10-22,7.868981120700358,-1.4546111985750758,0.16965667669725162,0.17261789230367716,0.47304410121943535,0.44739851959422283,1.096119466063047,1.002448228096691
2010-10-29,7.887792483656376,-1.4460661633100313,0.1584536538204038,0.16268010752842857,0.5086969976067712,0.41973505070220674,1.111963234803148,0.9640340728397176
2010-11-05,7.943369645846532,-1.3985240423758003,0.15521281100986187,0.15597182744223756,0.47892056904422475,0.4251911086296762,1.1365836728377483,0.9489157702700881
2010-11-12,7.894628783646745,-1.459851776132742,0.16861886340177173,0.17323183236498954,0.4920073034794205,0.4302755086545607,1.0373260021128528,0.9829593683913996
2010-11-19,7.867852757449039,-1.4908901696855799,0.1640964748309888,0.16562022238518465,0.5037592473437538,0.4044942641956703,1.1187033999777583,0.9794548947172741
2010-11-26,7.878013418513776,-1.4901083702649671,0.17513256356133314,0.13358972771688093,0.48568100968589645,0.3603038220726346,1.13786892045373,0.8937919671454223
2010-12-03,7.909600946249578,-1.4696888532278516,0.1633449030624911,0.12674531187045954,0.5050897370737334,0.35670763288534924,1.1634478416238145,0.7969377158462516
2010-12-10,7.931066038002902,-1.4546897540204418,0.15992493464385193,0.10088622720850082,0.5180454547005715,0.32428988830554034,1.164842357781789,0.7705010947984208
2010-12-17,7.895652413320574,-1.4982180913173389,0.15913728770405586,0.08344040687273865,0.5176929389724292,0.3183350039169252,1.1322593486936172,0.7953172454032241
2010-12-24,7.930275258976778,-1.4724022220903912,0.1678628370374327,0.05982968285783269,0.5011920767193936,0.30044064692785116,1.199004034883128,0.748194577283842
2010-12-31,7.919101473131953,-1.4907140578367721,0.18496733265693063,0.042208409737057584,0.5075462761306099,0.267056251441782,1.1849420641680752,0.6841621694005741
2011-01-07,7.970390602759221,-1.4423445811108428,0.16556388759472435,0.035173605848643985,0.5115420692883265,0.26222098929618726,1.2506101539808026,0.7004718959215038
2011-01-14,8.010996436554082,-1.3950498740647441,0.15065477635222693,0.03590595848633424,0.476283216925475,0.25202517597860435,1.2113624632513953,0.6921436527925064
2011-01-21,7.962896900783955,-1.4673040062656757,0.1691830958423178,0.027993852720264566,0.4829780669038145,0.26129754381093406,1.1875154529178154,0.678608063487771
2011-01-28,7.96487546358729,-1.4709300468725983,0.19153393167291632,0.01065270891668864,0.5078638037481955,0.23702576298216602,1.135528717033202,0.6461160944673586
2011-02-04,8.020841844729443,-1.406175165261745,0.20723008491460432,0.014293239495981748,0.5214999508093826,0.23020336561988505,1.1456503088499526,0.6659453593756449
2011-02-11,8.044733718974685,-1.3755792324293257,0.18432205296390186,0.002445714246288093,0.5407092042726748,0.21520725129895069,1.162680284885194,0.641825116839479
2011-02-18,8.047177022891885,-1.3765095862216576,0.1916040668615177,-0.014997844091523957,0.5038027930054704,0.18927261036769497,1.1569860201380482,0.6042234137621146
2011-02-25,8.003554315163724,-1.4473514174776447,0.1803149882962719,-0.013851637934158681,0.5182423021836705,0.19469397184579462,1.2096431825014036,0.6136643673069101
2011-03-04,8.014348618830214,-1.438267005970586,0.17498341064828518,-0.023625797642154417,0.5174377961094278,0.17412814148910213,1.1337394315539806,0.5795912229006283
2011-03-11,7.961862481157718,-1.5121995943611928,0.18497049546045782,-0.02506246869032247,0.5344418640547337,0.17022640359993846,1.1492007524676688,0.562573234607203
2011-03-18,7.891712538551402,-1.586257088002655,0.18360329509122472,-0.0066826406551947085,0.5041952504825109,0.1989695882219552,1.151972989153545,0.5960565415932776
2011-03-25,7.974276526355898,-1.5260970957500353,0.19376323631113432,0.01187290275339213,0.5336623264271217,0.25636698114479306,1.1514650731568081,0.7195318756915722
2011-04-01,7.990203016402743,-1.5134276937522657,0.19152545618103095,0.0042806472787686066,0.5313023741091583,0.24915005311642582,1.136705728837032,0.6910493575375232
2011-04-08,7.961910934855432,-1.552213799436943,0.17652382193063718,-0.00042486020032794943,0.4972706703565451,0.2248297970585638,1.1003594464704143,0.6593237658798583
2011-04-15,7.9502410696725265,-1.57036392664995,0.19192798773562372,-0.018802820429290993,0.5208660891231597,0.20661663893891652,1.121819731802819,0.6222279525738317
2011-04-22,8.009822821379885,-1.5127344522994939,0.20689823365225224,-0.015493501206313886,0.5329630045210436,0.21814468685532157,1.117564681285617,0.6612765783975686
2011-04-29,8.023687505163494,-1.4999121140897573,0.20042269514238903,-0.029777766283159,0.5282328210872332,0.1933618939463723,1.1011134383188734,0.6251040323728393
2011-05-06,7.831386644757203,-1.6309854089296119,0.19453285677627388,0.18034027380334627,0.5224421521348842,0.46902574101069766,1.1313234875196565,1.020553696322771
2011-05-13,7.825934950885226,-1.632975039843599,0.17406340083728722,0.15395843801694112,0.5073512790937355,0.42956694643393384,1.1320660176795903,0.9154631593546335
2011-05-20,7.789225582522041,-1.6231886007590453,0.1869933931581343,0.14731971789623632,0.5062326760651301,0.4100331373097906,1.1493864961421285,0.8936648012764662
2011-05-27,7.799141371659868,-1.6311725174865124,0.1755888194238642,0.12005113943124075,0.489414262091727,0.37899894397564116,1.1348978683072077,0.8444443219689461
2011-06-03,7.769528644308053,-1.6218460911269914,0.16696674333468273,0.08734021498876614,0.5019782347573916,0.3645439954540533,1.1415256817539712,0.8273260635478059
2011-06-10,7.705953365425748,-1.5906422406007743,0.1787906701741266,0.09351764406655846,0.487425182824742,0.3420963372294055,1.149534018620768,0.807738671430528
2011-06-17,7.653690646196207,-1.5562679373438437,0.18376823435727113,0.07622575735106406,0.5221211601786274,0.3414919853568851,1.1484343243798623,0.8463655607326558
2011-06-24,7.676127572140558,-1.577125159583473,0.1923493874480776,0.06613383995479351,0.5187692252447956,0.31857499185232724,1.1355869202861208,0.7894524756205537
2011-07-01,7.802011317088115,-1.663939840235934,0.20044284697676415,0.13949990276767352,0.5248750847201451,0.42518876660407157,1.1505107438437507,1.0126275667543867
2011-07-08,7.826288859390072,-1.676709809379763,0.20208953049246636,0.12204671529411458,0.5132213295771604,0.4168378465959846,1.0766033214011035,0.9578742141791372
2011-07-15,7.784085772417582,-1.6655466671485322,0.2203925422475657,0.10261901790074925,0.5343400749081912,0.39361593804297523,1.1497787774515997,0.9065709015545779
2011-07-22,7.843266383184747,-1.6926971131930215,0.21609949580659182,0.11822253870307638,0.52223529467631,0.385216806518509,1.1848980963532525,0.9358844378385452
2011-07-29,7.785160026890945,-1.6782658135737873,0.19809843272195768,0.10412111689691504,0.5507921330602769,0.39008555880647733,1.1153282174716515,0.9253876510181797
2011-08-05,7.621613272841891,-1.5864955089638126,0.21719847950147006,0.243342922436637,0.5300553125117581,0.5790266990065708,1.1936820973097697,1.2440045344463884
2011-08-12,7.608931674450975,-1.5752013816279988,0.2200832158773071,0.21255889553682908,0.5289658825966163,0.5323104957738745,1.2049748896629704,1.1501500472679878
2011-08-19,7.451271515553193,-1.059841454392329,0.21141271919738222,0.3442380805050279,0.5447817347602506,0.7801121164834208,1.1854026315628028,1.597005278076046
2011-08-26,7.567412654121759,-1.5599788266380195,0.21550733929889224,0.374279678416019,0.548086523002329,0.8606475541114116,1.1669360700593931,1.797003212096609
2011-09-02,7.572268861422178,-1.5656635670542176,0.2090184758792846,0.3655188946873216,0.5213472619957426,0.8181739008586665,1.1452846899227105,1.655152304432503
2011-09-09,7.652233215577937,-1.6472656026667218,0.21959534412756737,0.3666874469065905,0.5548591511103639,0.8232523845006078,1.145022846377019,1.6063259909615117
2011-09-16,7.784339078173451,-1.7479506077951381,0.21462606878674803,0.4245398625539236,0.5459827695709355,0.8233073999398739,1.156907738746595,1.8481809075249869
2011-09-23,7.696928845082565,-1.7044412833249858,0.21118842242826555,0.41853208786291773,0.5323694142783494,0.8143231857979254,1.1633176912888235,1.7843500826082428
2011-09-30,7.634646374010338,-1.659784673899549,0.2022680923093908,0.3916727284890217,0.5019592824967808,0.7908030443284045,1.1556316789001866,1.6239486860237011
2011-10-07,7.67560706424663,-1.6958298654982025,0.2075086571434769,0.3469215863748583,0.516927349744063,0.7396734899836064,1.1867616895824822,1.4885874705068807
2011-10-14,7.823599219059701,-1.795534417986926,0.2045507495750765,0.4188581042791606,0.5194395242825447,0.8814069179596126,1.184602393672512,1.6600934768687694
2011-10-21,7.795010161463067,-1.78784730349602,0.18679260534862266,0.389984481144352,0.5428365887434744,0.7963311588973996,1.2206592409639663,1.5638415013113451
2011-10-28,7.849794342661901,-1.8117533084197468,0.19163915105889642,0.38439264735628476,0.5299319248630954,0.7855062120512535,1.17382282453873,1.5679015229964302
2011-11-04,7.795418664694812,-1.7981942444012295,0.19656226253875067,0.3912495789144561,0.5193632713216275,0.7307053892743629,1.1485588539873686,1.4849116073659576
2011-11-11,7.792409542837205,-1.7997763321460256,0.20722061044971452,0.35486788281842724,0.5568024949138249,0.6813709682243415,1.1946298303414433,1.36914010306649
2011-11-18,7.655963492554679,-1.7312287232298145,0.2083275613831067,0.39059899175666496,0.5401245683507334,0.8204429374654952,1.1528770818616207,1.5428961829083192
2011-11-25,7.576505628866427,-1.665725876119752,0.2177517331067217,0.38969539452723695,0.5140235311706163,0.791348368944324,1.173668307924477,1.5915459137875545
2011-12-02,7.711603889043709,-1.7899125757244054,0.20503047207941716,0.46236959191000343,0.543882280087342,0.8777438368538627,1.1716846934872418,1.63587439143824
2011-12-09,7.72718755933765,-1.8018563773985001,0.21663418169509385,0.41952815012390854,0.5256886027338517,0.8252003824894718,1.1663354410929507,1.536507700190458
2011-12-16,7.671892567956218,-1.76947576138374,0.20995982935120833,0.3983460403977777,0.5019237460534567,0.7655512565353851,1.1532157480276066,1.5055691913350153
2011-12-23,7.717700218417116,-1.8036466208552098,0.19258494977872784,0.36448418113529457,0.4990778185702401,0.7263197160348218,1.1802119633958035,1.444727260493068
2011-12-30,7.70696906196197,-1.7992478284758977,0.19841272020551104,0.3368674111856857,0.5102261904097979,0.6891181301755603,1.1403545557657973,1.3317639677048656
2012-01-06,7.760402350224934,-1.8337328511997346,0.19355916676862286,0.3374348038741013,0.5039390606869376,0.6781933431637369,1.1521159939026515,1.3068054860440506
2012-01-13,7.771580333496316,-1.8418424547938956,0.20554937478802174,0.30880361806056605,0.5140085606183924,0.6337562430132536,1.1012853172453063,1.241335889877843
2012-01-20,7.8256969285414435,-1.8678197398678884,0.21296439977141396,0.2912171373905702,0.5098919953560512,0.5873271496719945,1.1098794093674178,1.2710619652413213
2012-01-27,7.845818673612591,-1.8770722957579524,0.19814586100491563,0.2583531491716516,0.5172335243709433,0.5596538851549366,1.1211226497523137,1.1685787847033557
2012-02-03,7.896139845224199,-1.8919263367652426,0.20657114849174932,0.24295506939325,0.5281673105189921,0.5611805409290688,1.142794834454132,1.161739714681897
2012-02-10,7.904247067468897,-1.8962595185116065,0.21174538417743183,0.22267579150853048,0.5506593895377873,0.5249048553239662,1.1100862299472898,1.0974210792249688
2012-02-17,7.89738392973794,-1.8987995015364614,0.2050644587928994,0.19997704059264937,0.5479014579052037,0.49808676989215056,1.0901690805533923,1.0541095042467383
2012-02-24,7.910195867810753,-1.9036256708760526,0.21302586884639552,0.18278666141933042,0.5447338093789916,0.4690680966074114,1.1056462512608356,0.999952251435763
2012-03-02,7.9420723019014625,-1.909211512385409,0.20689364322305295,0.16377474083061414,0.5265310425631194,0.44758153371526227,1.0860137366279419,0.9928902878247335
2012-03-09,7.945664053951096,-1.9125418319513925,0.20910200598752932,0.14885701310509478,0.508201431794975,0.419346285715655,1.0963760073994393,0.9402451766114982
2012-03-16,7.994669727595239,-1.843272380183251,0.20956549653434386,0.1427278508213171,0.5055850674405618,0.40289383776257814,1.1122885852036408,0.9309164255338924
2012-03-23,8.011345946930257,-1.7933591163865532,0.22202457250274443,0.12507903685364002,0.5174148395145894,0.3815525568806736,1.1261307844272768,0.8966015767678592
2012-03-30,8.030750821174523,-1.7387325200027917,0.2037959961421054,0.11229216915779704,0.5186482300916087,0.37099294117648296,1.1127319246471072,0.8767084144625362
2012-04-06,8.026256352345882,-1.7432735721880588,0.20680189180267852,0.09733072718470834,0.5149938060300662,0.3494244964680064,1.1387383806814944,0.8466346412770496
2012-04-13,7.979784346376713,-1.8208386752377443,0.21647625872678597,0.08171359043930618,0.5363495696505596,0.32740428994311355,1.1532585897694585,0.8121160705848456
2012-04-20,7.968974413280281,-1.8431473125418438,0.2133609240224961,0.06359975557026187,0.5401600676463276,0.309382093466027,1.1514895509317213,0.7856995275436253
2012-04-27,8.002631858904515,-1.7799011883712876,0.21731491346878662,0.055378696602849366,0.5109200875067543,0.29639128445102614,1.1275581851685703,0.7653315242160271
2012-05-04,7.919088970233146,-1.9392321321910844,0.20736240075644988,0.07715214379448927,0.5175420927315246,0.34333646338178003,1.152911397413938,0.8273544961077778
2012-05-11,7.91575219132265,-1.9487763664123081,0.21948953561493628,0.06569368341734319,0.5339669640818104,0.323023302811952,1.1517794199811493,0.7973876368322749
2012-05-18,7.780053777685649,-1.9285064857228456,0.22146056032112338,0.10468210276316522,0.5386882815942506,0.3901197728297508,1.1907579911649462,0.9337533655173119
2012-05-25,7.816771531070258,-1.9467387025931124,0.2321501570397098,0.0931862437257653,0.5295265614230241,0.37339741003306737,1.179061076549481,0.9085512756885329
2012-06-01,7.764573005874567,-1.9297117635602525,0.22004653286201528,0.08673674726468128,0.5305896137393301,0.3472939923180825,1.185818905609735,0.906340023161872
2012-06-08,7.843262691617364,-1.9664618654928714,0.21363724694632386,0.09892637489792439,0.5296514199668807,0.3906833491522921,1.186665874702153,0.9475952373221713
2012-06-15,7.854141665471664,-1.972436184099809,0.2325881872790786,0.0889613895882798,0.5279201993460859,0.359138784396574,1.1673657836064135,0.9074371870768754
2012-06-22,7.860690304042014,-1.9771250318629128,0.21828758388392372,0.0775235529339618,0.533687657016428,0.3398540406950403,1.1903011899835176,0.8861832911423736
2012-06-29,7.8799512533827505,-1.9843529223613487,0.21816453772026956,0.0520152863150493,0.5314037035225254,0.3136293157302368,1.2116427342259861,0.8639400878462621
2012-07-06,7.87209093816761,-1.9861583353092978,0.20836935105965862,0.0370259626066757,0.5327710033400412,0.3010125108153066,1.1870525017627571,0.8403886215944257
2012-07-13,7.850990215490245,-1.9849475148506965,0.21065522007057025,0.03172971782844954,0.5510058302329086,0.28482838820158995,1.2177433777625948,0.8059136115644052
2012-07-20,7.876400524891031,-1.9939653308513066,0.21036708778903657,0.02082162760431371,0.5411651317780447,0.26836663468013794,1.215332597954105,0.791294100582241
2012-07-27,7.851149414275778,-1.9921432173694091,0.1879150278863746,0.008207008845163425,0.5427366799755734,0.2556295935343363,1.1933000350002387,0.7426509287926327
2012-08-03,7.870414781436047,-1.9997783905022084,0.2026876890163156,-0.0066172456885214845,0.5457335557663187,0.24256393699148796,1.1807694925392525,0.7282012245403587
2012-08-10,7.821555504919389,-1.9917108505512962,0.20925000545183944,-0.0063451533917068615,0.5398034746502836,0.23652283610296254,1.2109256190276918,0.7666243560364374
2012-08-17,7.851225708378008,-2.0038120459207467,0.22280197675427957,-0.016769923388980562,0.5440276314198128,0.22058742811143014,1.2411410038624506,0.7593505726532422
2012-08-24,7.849123409894667,-2.0063635841920413,0.21572509239038037,-0.031190793340277766,0.5310543014614985,0.20184463542575443,1.2113731474211447,0.7306864447698351
2012-08-31,7.814528779745889,-1.9998586719198306,0.22883100303618836,-0.03901782457878626,0.5407164972649573,0.19533907768887115,1.23630855185591,0.7174183982664863
2012-09-07,7.850447095274739,-2.0143213678419656,0.22796661359357398,-0.04634904880396377,0.5376162280344741,0.20159247368274535,1.1745312770057401,0.7059648165665261
2012-09-14,7.869904635784199,-2.021941872328133,0.23654174440784612,-0.05146781268567267,0.5208793521893835,0.1904907438315352,1.1778120802360788,0.6853584634447719
2012-09-21,7.874073993754783,-2.025865513275883,0.23590956652462863,-0.06270860255457333,0.5339905240804507,0.1742691189504795,1.174978214766505,0.6570767287643247
2012-09-28,7.825901839740098,-2.018635161768583,0.23151669854774856,-0.06251488107681882,0.544830296043571,0.18248233861978896,1.1450992489440162,0.6467022873746674
2012-10-05,7.81165483920137,-2.0169448114887776,0.22288349999636203,-0.07036601596712942,0.5560632485113847,0.16319461831962,1.198512330694661,0.6289955744828133
2012-10-12,7.745299890982719,-1.9933615284531836,0.2195559995991829,-0.06356291344141299,0.5406197228643974,0.1885192252082649,1.2010870653146823,0.6117940390802239
2012-10-19,7.714296859654106,-1.978441387068832,0.21865044095585642,-0.0752912158609735,0.529739786327573,0.17805321076952033,1.2267573791208255,0.5913145577240325
2012-10-26,7.704367094853974,-1.9742181679561401,0.24788997709051871,-0.0809445211349489,0.5539279972221799,0.1658498094991319,1.2270048249055738,0.568046050021818
2012-11-02,7.695715827319383,-1.9704696934723605,0.26131097639430456,-0.09122948841495253,0.5674048915429181,0.15893058150030942,1.2252542069677497,0.5448164937605655
2012-11-09,7.550751414118672,-1.703457570308539,0.23317805103297007,-0.041110481791279775,0.5762599584454112,0.21601363594420528,1.2341575555765512,0.6771405494388475
2012-11-16,7.51611387921761,-1.5123331660090369,0.24050626026932184,-0.051670847959781774,0.5864568907357393,0.20240370442164524,1.2498759793830854,0.6684954630387935
2012-11-23,7.607588676392372,-1.8221350447196183,0.2522329644060168,-0.01588229617373879,0.6061072274109225,0.22673460052536293,1.2668200544908625,0.7182157970362203
2012-11-30,7.622906261983565,-1.85703862518674,0.24518726730575088,-0.024590933774314244,0.5747781462849222,0.2123465895357068,1.2534653839724996,0.7044420578048687
2012-12-07,7.506072324297929,-1.5130562183841632,0.24180778866365765,0.024924721620629742,0.5971629970081702,0.31360780239740715,1.245792947550614,0.790002523067413
2012-12-14,7.489498804175428,-1.421492116252858,0.25214951968794125,0.04186512340535618,0.5699677676589762,0.30083881744136454,1.2269087207933482,0.7632525810219339
2012-12-21,7.5226369864844385,-1.5328628099625248,0.254016937338949,0.04046073389803286,0.5825309399513217,0.2996771413346841,1.151788600111059,0.7891919626445933
2012-12-28,7.514349042036635,-1.488738470026465,0.2424004912486756,0.02520894088738049,0.5673613819945862,0.28573756998903094,1.2039792952560355,0.7497397717163271
2013-01-04,7.602993107613636,-1.679496413865626,0.23563170925526256,0.05148684953028315,0.5750255275147516,0.3481650224128456,1.1678380916109017,0.8633567178424902
2013-01-11,7.620249629702033,-1.4839501281673335,0.247276923571052,0.055601354257366356,0.572241038284834,0.34278589720240266,1.1822227330765638,0.8352521298655422
2013-01-18,7.612503296372456,-1.4622571069183032,0.23102156108473737,0.03969821854954625,0.5754072531979216,0.33024193075880653,1.2110715805806216,0.818619956376864
2013-01-25,7.607769920955579,-1.4484379304268726,0.2306257808282996,0.02605497468843849,0.5895185350171419,0.3119161126401078,1.1537217707135976,0.7815434939475439
2013-02-01,7.626985349151771,-1.502120294848218,0.24220401890190543,0.022707223226867825,0.575446547182811,0.29077986850453263,1.1297228387830691,0.7475755101552738
2013-02-08,7.575840488572302,-1.1686000182256904,0.2322540095502184,0.039456539627481066,0.5541743247054286,0.29708132952825056,1.118019788662066,0.7843289005662866
2013-02-15,7.56903214454217,-1.1237012714112282,0.22304310740654834,0.029299104373971874,0.5745317371033172,0.27252673259703764,1.1208961865057154,0.7590978637587472
2013-02-22,7.543087486214116,-1.0315794725926204,0.24453221315456997,0.007626721873601538,0.5814047571129781,0.2613718672247227,1.1315496732640307,0.7489041360530386
2013-03-01,7.549321698576816,-1.017394166856491,0.23238368985332739,0.005097875379925789,0.5830644918771865,0.24317979140017337,1.1566961959330773,0.7084185951982117
2013-03-08,7.588114185519927,-1.1486892819529886,0.2279503546308851,-0.002379437893594985,0.5745371671849782,0.260140488001623,1.1411838478937029,0.7182913019297473
2013-03-15,7.584256102540197,-1.1417523579688573,0.2428292935794134,0.003986062068007523,0.5850664780908291,0.25782481333486024,1.1530917277328492,0.7136865500219116
2013-03-22,7.586584622257666,-1.1516598017077095,0.2457912913033197,-0.008704085094641881,0.5793120443934204,0.24628872052075165,1.186712462495264,0.6904129742653938
2013-03-29,7.594568545593302,-0.96474564959938,0.2530349280781402,0.0012053463773806262,0.578074122433987,0.24240575234885703,1.1723324953222656,0.6715734377151885
2013-04-05,7.549277300093413,-0.7991552772687254,0.2490380236681845,-0.0023803487165221767,0.5856250621990039,0.25720442967547297,1.1870365618110688,0.6902884061771734
2013-04-12,7.609156336388944,-1.0176437690600406,0.23116198000781277,0.029623215357929337,0.5727008492150283,0.27248610266564977,1.144351029683503,0.7134336137195001
2013-04-19,7.555228312345307,-0.831305250151452,0.24270965753378934,0.030142840679562077,0.5562973333554246,0.29086093023673976,1.1547058906718097,0.8021447455319967
2013-04-26,7.595408085072916,-0.9724173088546071,0.24870593062677074,0.02438536261136489,0.561263120756712,0.26178651307517165,1.1596228063146579,0.7987191181093224
2013-05-03,7.66556890687175,-1.109839464101869,0.2430638663865963,0.063206838441199,0.5570748368669293,0.31947374036583237,1.171839179532338,0.8968572046723914
2013-05-10,7.629423230011129,-1.048883246576194,0.2445792532727751,0.06235849600041263,0.5497025277286581,0.32142945362465414,1.1461043650180602,0.9138497641996648
2013-05-17,7.653277829174993,-1.1049269093262797,0.2280107280512225,0.04841602110154043,0.5581870943434958,0.32481164342559915,1.1593586767472837,0.851456335849462
2013-05-24,7.626441295447901,-1.0637768580265425,0.23360585170270493,0.049021473265393654,0.5683593443985535,0.28258692706940497,1.126530626435931,0.7782590036266683
2013-05-31,7.619643190873317,-1.056123986350095,0.24633726930085065,0.028776332252268912,0.5734041150296559,0.2624787406893667,1.1587796493583844,0.7297894399354616
2013-06-07,7.624335362934321,-1.0734171032740796,0.23992267568129919,0.016033471713005853,0.5680096417999263,0.24256825916047572,1.111403192178302,0.6835128151596516
2013-06-14,7.590716256883347,-1.0050795065172466,0.22325638783722845,0.0012309470852633765,0.5634933332886375,0.22609301920772176,1.1526940905967495,0.6884376877490193
2013-06-21,7.543429442043121,-0.8798841741051091,0.23458443394535952,-0.006879581921131064,0.5710819457118271,0.2611961153317462,1.124926549284801,0.7012288625610131
2013-06-28,7.560553494271682,-0.9426216142569879,0.23485461456997456,-0.01868492352554461,0.5392749917312912,0.22851764027646684,1.1145314211069923,0.6460748034459531
2013-07-05,7.586103056111585,-1.0237531315345993,0.23824533162520417,-0.027782667340861836,0.5639273509754206,0.218887258043378,1.1339814594717588,0.6423887167839971
2013-07-12,7.656209278877327,-1.1902784909151645,0.2275587069900943,0.014625358543861126,0.5812774300747522,0.2590469470929559,1.1303411889718014,0.7124297409538664
2013-07-19,7.623800255094476,-1.1496823766521198,0.24026756677282043,0.018576036935420526,0.5649108247562594,0.25945173754069856,1.11535961435266,0.6906801309647804
2013-07-26,7.645789619270338,-1.1960153521288703,0.23829100883743531,-0.0025876755720769576,0.5552779849119296,0.22740981070789795,1.1691896550649548,0.6655592567919347
2013-08-02,7.686443492605679,-1.2576339566927461,0.23853788783864813,-0.009203110571773677,0.5920989791963668,0.2341119487563584,1.1384834648651867,0.6846542177501325
2013-08-09,7.659391364691353,-1.2405649354337982,0.2561698190075043,-0.017739401265424816,0.5651810769460077,0.2098709170199232,1.1391024953143094,0.66279249287593
2013-08-16,7.62390809242103,-1.1988498027465317,0.25421423799027004,-0.021333629282756436,0.5721449308746875,0.21803077712882446,1.1432953521451314,0.6829398362500066
2013-08-23,7.653091184911625,-1.2553168137669122,0.25063649482210504,-0.03242456315658218,0.5773212483833223,0.2118160085376458,1.152972556918955,0.664995830512197
2013-08-30,7.61644649956081,-1.2092009329732367,0.21693073872328494,-0.018236288912850018,0.5610669353339155,0.20842527419937415,1.1245707885994807,0.6452828256165479
2013-09-06,7.654654841518827,-1.2826670343290876,0.2310748791509975,-0.027742606144003194,0.5573153931112305,0.20335341087392245,1.1262815699448445,0.6587113387594051
2013-09-13,7.681353228101296,-1.3207125246182558,0.24481720457066028,-0.0312910794494735,0.5524473693899726,0.1980827349192664,1.1545882395957736,0.6514719467427295
2013-09-20,7.710080044512859,-1.3482286708499827,0.24495970882294069,-0.030772044496514783,0.5603145718789919,0.18930215032878922,1.1352931483488402,0.6579173518556751
2013-09-27,7.722728875042887,-1.3595818148124117,0.23749217423633587,-0.038502757748155224,0.5406277955162678,0.174429105374269,1.1472941687161764,0.6223269367337668
2013-10-04,7.725887775950591,-1.367733860699595,0.24006278133551687,-0.04971432485645046,0.547574437348194,0.1572105152151128,1.1386585177186523,0.5898211083759566
2013-10-11,7.714351752307857,-1.3742584927148738,0.2394829447179114,-0.06530170576616624,0.5352437854207155,0.13037219600092423,1.2311180675660773,0.558523067630636
2013-10-18,7.786341683856171,-1.3783574935484857,0.22929057528329455,-0.046121072888941995,0.525717194490486,0.15589038227461358,1.1652248451459948,0.6862530417399579
2013-10-25,7.80388319988576,-1.3670805148357776,0.24135607134436432,-0.06030297862637518,0.5360394493901699,0.15018591679578225,1.1864441374887313,0.6394354235269268
2013-11-01,7.76223718194333,-1.4173142300098083,0.2350540773359163,-0.05181461762488836,0.568967297292201,0.1566606466108974,1.21444542117629,0.6166811483942335
2013-11-08,7.759798791926113,-1.425855226203691,0.2314110556310466,-0.06302760619799506,0.5835933232894869,0.13807640338006344,1.174281730206708,0.603045489051822
2013-11-15,7.786859458019373,-1.4169590906148994,0.23276052459365287,-0.07134956339416093,0.5865544513597362,0.13764527932613163,1.1982041411476094,0.5824987438597743
2013-11-22,7.769461838834442,-1.438547013214542,0.2458293591581696,-0.07518943449880527,0.6048298451147919,0.11339977834016114,1.2093232064831647,0.5443925887377197
2013-11-29,7.804054059287403,-1.4185701467478864,0.2283287330248375,-0.07859858739679343,0.5772070233687474,0.129942064980301,1.2142591172115675,0.5330501105060631
2013-12-06,7.879567758421711,-1.232641360554641,0.2437384011428114,-0.02026202840308901,0.5918903162938655,0.18869955939044888,1.1741602361351209,0.6654884425781962
2013-12-13,7.858003432544549,-1.3212237267617966,0.2435079084341041,-0.038485917073259344,0.5721145814273378,0.17547878172475556,1.1851026587085007,0.6561895585607436
2013-12-20,7.900203113735457,-1.1424112499458445,0.23446991424918098,-0.04018763802858247,0.5535592747743723,0.18543391202288517,1.156351196723502,0.6884915724548969
2013-12-27,7.93693271457525,-0.9558852818058281,0.24139731565194214,-0.03609479958026024,0.5448799030728217,0.20755126780581928,1.1512908742459098,0.7132121421123683
2014-01-03,7.912626463669023,-1.0779396659803115,0.2446162463663731,-0.04154790196833445,0.5625743972870049,0.19988089061500067,1.1274709281989768,0.680347416374671
2014-01-10,7.926394771449513,-1.006706706112989,0.2505181630099337,-0.05103872770545223,0.5721916253972699,0.18724854478156522,1.2008455132858546,0.6496887176715808
2014-01-17,7.940177087579564,-0.9175674331102132,0.2590898433930996,-0.05808476219971015,0.5654953976654267,0.16570614926677793,1.1668766703388396,0.6029936586580519
2014-01-24,7.912246092623038,-1.0679260243244384,0.2594481717456072,-0.06216167783830606,0.5650354031989631,0.16576864890056184,1.1682354472731464,0.5963367706660979
2014-01-31,7.897268931324434,-1.1211185452419554,0.23884374552854745,-0.06574632158121016,0.5920957428588101,0.14963912367240095,1.1734349594814657,0.5516001234678831
2014-02-07,7.914918997225745,-0.7944203027905659,0.23658002646750576,-0.08068029043326665,0.5810642041782247,0.13992343988051525,1.1301964147126535,0.5628111533659456
2014-02-14,7.966867450453957,-0.42811060977682336,0.26193794255416847,-0.05951236468553902,0.5698853322563154,0.146011355798022,1.1548002141808074,0.6319316734203891
2014-02-21,7.955948351495869,-0.4956598329547206,0.22989722951763564,-0.0705076023315364,0.5385259844321011,0.13349145102293766,1.1684494881543612,0.5887711023861427
2014-02-28,7.881494119952739,-0.9252129759638675,0.24043514841340752,-0.04921895062098046,0.5669377996300856,0.20370339284777864,1.1432522504277902,0.709571148872266
2014-03-07,7.880105879338405,-0.9337623551167322,0.243015071305284,-0.04066756669470982,0.5767748403835797,0.20479690266569406,1.1430356648352025,0.7050605967159895
2014-03-14,7.837328909659869,-1.105607312071193,0.2615750582517786,-0.03834586581455861,0.5642123397902606,0.21762375458071728,1.1638073665972082,0.7319256255563702
2014-03-21,7.850696427842656,-0.9584308751783454,0.2634205792273519,-0.029478993304721653,0.5875226352293398,0.2130148315517426,1.1666209378416066,0.688101383987698
2014-03-28,7.812282872023185,-1.0744051697367345,0.2814320444955711,-0.023274400255041197,0.6017463833587086,0.21444047358104543,1.180470953220791,0.6731823571763486
2014-04-04,7.790602742290794,-1.1405322956980444,0.2718457222216426,-0.004079384532859685,0.5957371237576319,0.26586414005598596,1.207483056660637,0.6782569594883134
2014-04-11,7.736290269769161,-1.2505691135311836,0.2762377834955391,0.02628221625546871,0.6111478888755486,0.26249318266683846,1.154888454058666,0.8025807868647711
2014-04-18,7.78657093207638,-1.2018985680363816,0.27708428598100643,0.031337712444095514,0.6273138424446421,0.30359922831914793,1.2165838987175794,0.8445938838104782
2014-04-25,7.808278416318985,-1.1649784720037528,0.27797174128203644,0.032775014955057385,0.6051027969480085,0.2797679568679378,1.1567435008510971,0.8380989504913738
2014-05-02,7.837625775458075,-1.0964975884925938,0.28042404938449783,0.030578290191692115,0.6010603310203121,0.301255784136677,1.1425571866055517,0.7764410998454064
2014-05-09,7.812775844038696,-1.1441483751265498,0.26638692942461856,0.022125428044025567,0.5814445294993726,0.27927621648469003,1.1601545345723754,0.7735463755288133
2014-05-16,7.819442994813858,-1.1378548976762881,0.26917932933144084,0.007427673754618281,0.5526172197326797,0.25311412169256947,1.1576408819277948,0.7175752106009097
2014-05-23,7.868624602601358,-1.0014534439463623,0.2672884484108495,0.015736410294599417,0.5763434426880408,0.2833098850620316,1.1771245970346311,0.7867262867835907
2014-05-30,7.900290121725988,-0.8834892944070746,0.23791335500708166,0.014641346259289319,0.5946237244928243,0.29307696686144113,1.1712248727993433,0.7265681111548594
2014-06-06,7.938854218629955,-0.7108901678827989,0.2697290706723771,0.015099518653117806,0.5939757649835901,0.27566230353461485,1.1544401908242512,0.7854356149751102
2014-06-13,7.934127476433075,-0.7523279753017286,0.27344160765093967,0.0034177258189337905,0.5747689500018787,0.24100950899600823,1.1916230726801396,0.7332601328998509
2014-06-20,7.948098262646192,-0.6933278235262723,0.25281248841129483,-0.008633520012153768,0.591412614344044,0.23175048511915905,1.2406524898748919,0.6957004899126423
2014-06-27,7.98024242565441,-0.5314338497510372,0.2602363124268785,-0.017226703240553257,0.5734316554026764,0.20623240245643357,1.1891524861250575,0.6673321090773623
2014-07-04,8.016876299334324,-0.3281028099211547,0.24864204648651023,-0.02439980186785381,0.5539506392328035,0.23258586882546414,1.18497677471862,0.6741651272529858
2014-07-11,8.006695441560389,-0.4234908387112789,0.25025398054086206,-0.04560472579109862,0.5920271094680295,0.1924609829017033,1.1909700524403526,0.6407310022932614
2014-07-18,8.024653536905117,-0.33474491997463834,0.25262971931064376,-0.05211709288058973,0.6012734388456389,0.20294808202366535,1.183962656408153,0.6304911239224975
2014-07-25,8.037428820905692,-0.2790487652926873,0.22911814451174378,-0.06299671858825584,0.5780861408586823,0.1738196298726978,1.2201549388533803,0.5704231303635992
2014-08-01,7.9930203299195055,-0.5915698659652331,0.24211415741569658,-0.047957623543090695,0.5879625948762277,0.19513700475293663,1.1899775116085012,0.6648281290850094
2014-08-08,7.991988750487105,-0.6154300659744301,0.25530596852522897,-0.05841779755068851,0.5645725665856375,0.18105929104289537,1.165439404323497,0.6188325215149698
2014-08-15,8.040241360507322,-0.3776452703983693,0.2429523276520278,-0.02592290398715476,0.5694340308851085,0.21084380451495316,1.1960111972602823,0.6640608342075134
2014-08-22,8.065146383170731,-0.2515305108882888,0.24203609259338082,-0.03318563753365369,0.5629855658816577,0.21065484069175552,1.1923782188308185,0.676357979190585
2014-08-29,8.077433065096654,-0.20255993678193632,0.25789721900981993,-0.03971984629462658,0.5682982716637212,0.20383014992435636,1.1853008786154449,0.6345079788186085
2014-09-05,8.080813388083953,-0.21176621310400032,0.25293330082239296,-0.05323168975464793,0.5786235118816482,0.18216803992244285,1.1767132828701135,0.589304869573331
2014-09-12,8.069989873253022,-0.3099441075042917,0.2727428997966784,-0.06003445391396495,0.580478713625836,0.17146879207936447,1.172799173964719,0.5500067854630428
2014-09-19,8.084720277928463,-0.24873801459498326,0.26238146969570275,-0.07560372987962047,0.5726092128893057,0.13404462519947435,1.1787797930722825,0.5168905024747139
2014-09-26,8.065228699746052,-0.39410265008945594,0.25866618111515827,-0.0790012152051949,0.5555954496265336,0.12722786564221605,1.2091765569758959,0.48032881512278547
2014-10-03,8.046909637875352,-0.517556320287719,0.26052341248179295,-0.09514485303738557,0.5607091482038696,0.11466501166747176,1.2221109833025683,0.4718326119791539
2014-10-10,7.967294516794352,-0.8617685802028792,0.265640257308294,-0.017137809223319832,0.5684016859347458,0.22774816883367094,1.2215641127096963,0.6887164801764474
2014-10-17,7.9420587300000705,-0.9404013833299282,0.2627720005983984,-0.02325631218684041,0.5753672865926003,0.23136510454597195,1.227335979556297,0.7288649382166165
2014-10-24,8.050400410515458,-0.6398793317154012,0.25483267394593534,0.18282401120260677,0.580851386571625,0.4970752675482718,1.198113006740763,1.1832973409519822
2014-10-31,8.105863774713582,-0.4223654342260031,0.27875818250567225,0.2036850565803196,0.5604561245303822,0.5390085578312813,1.188226069655442,1.2875052083125806
2014-11-07,8.09903253529701,-0.4637002620405111,0.2684038184296019,0.18542926081940816,0.5833687023381385,0.5188655294034913,1.1896631023510076,1.212381696529045
2014-11-14,8.126509009117122,-0.3510201406959478,0.2702619314297336,0.18070757228130532,0.5949120711569877,0.5034683650426749,1.1526648589257242,1.179164971804569
2014-11-21,8.143023539896014,-0.28546661831207143,0.27300922040718606,0.16058013622613088,0.5680966927601503,0.4600992628190938,1.124050130127873,1.0896602326573839
2014-11-28,8.135001625298749,-0.33686941111741664,0.27359708004296956,0.14336190158755532,0.5788263305746174,0.4328882893718241,1.190425359003664,1.0035093865254177
2014-12-05,8.122744332600954,-0.40446804517743873,0.30096943332861786,0.12569495134408812,0.5843358654878633,0.38589064235000975,1.1705334593069072,0.8903366703600972
2014-12-12,8.069442626887147,-0.6398133603641774,0.284231660560347,0.1450850749186835,0.5764451410719282,0.44855274900824793,1.142016914941459,0.970803619003134
2014-12-19,8.107326844851803,-0.5096712386795111,0.27490031617338917,0.13132826238919507,0.5980519382756009,0.4615053112565996,1.1654073063987664,1.017777436449676
2014-12-26,8.144901734298317,-0.36829073961152914,0.29364521660049187,0.16436563881129915,0.5937859796840101,0.44891303918104397,1.1485411904720366,1.0148332610513853
2015-01-02,8.116286663276025,-0.5017311542569186,0.2938158675978466,0.14109530277935925,0.6128815968057464,0.43885642456355095,1.1689622224127758,0.9837387706960663
2015-01-09,8.106507490898784,-0.5481754509006502,0.2819063332175123,0.1131684649814645,0.6017559006489551,0.3984898613793244,1.1362532340521139,0.8953150063822469
2015-01-16,8.072389514218054,-0.6806127653316134,0.2742607153699454,0.12503876345246367,0.5903840859899557,0.41254198314463014,1.2126673220571165,0.9145505497313382
2015-01-23,8.137010690110309,-0.4714934498748372,0.2818533723802411,0.16529144117496372,0.5955080153865299,0.4575009518024914,1.2380906332131563,1.1132068875861005
2015-01-30,8.074448633746757,-0.7179316553224772,0.2838427513963869,0.19764581838149814,0.6083642162055689,0.5284973012963909,1.2502399919727443,1.3299235562083314
2015-02-06,8.069970064603831,-0.7357884896451639,0.27880028265958817,0.16841208870440919,0.5933305670105089,0.4931194608062033,1.1926961364713589,1.2197291719916883
2015-02-13,8.14788857153435,-0.4983844680594076,0.2775605948279048,0.2618896116037249,0.6261759846148356,0.6518654510061612,1.236077706168924,1.4569588374090778
2015-02-20,8.170607118945643,-0.41853824447117527,0.2787147228058705,0.24829784335539345,0.6416375154283712,0.6018709867778095,1.299375941413822,1.3677943048541048
2015-02-27,8.232283685447365,-0.1806819438008636,0.2858870808152861,0.24371588580796405,0.6382477201799722,0.6509360319104873,1.2613658387319966,1.421880864254686
2015-03-06,8.211373403253493,-0.28726284535550733,0.2863794748196994,0.23810946185879217,0.6319609386252516,0.6118188866314068,1.3033503966174222,1.3390326770481162
2015-03-13,8.169340567542456,-0.47157566757511377,0.2618124241726349,0.24009341870261597,0.6237426634883817,0.6005006846774179,1.2749122573446812,1.3170046783218168
2015-03-20,8.234438524936047,-0.23740043931431043,0.2744538190909978,0.25561121170321754,0.6177773001071108,0.6549021899481681,1.2429438706338554,1.3861918594857463
2015-03-27,8.179403656778847,-0.47824504407188106,0.26602272703421986,0.25746344283061956,0.5838113530601667,0.6188349047376528,1.221292582392673,1.4279723656604726
2015-04-03,8.168125871412263,-0.5253399731968174,0.29510232106663287,0.24284842324648453,0.5886548918262134,0.5770603128166268,1.2057784573794976,1.3853984401539479
2015-04-10,8.217377933734557,-0.36119285528434625,0.29712048506671623,0.27252871137289275,0.5922932998789361,0.6501235233179198,1.1983536441800349,1.4024766547229848
2015-04-17,8.185330645227843,-0.49162623762641977,0.2692216035784965,0.239139363504519,0.5820273610306694,0.6131759720499046,1.2096953686162646,1.4042801781304854
2015-04-24,8.268454140744545,-0.20640503550701647,0.27748885980911137,0.2859292049988826,0.5972293592609175,0.6717848703858026,1.1569010916988232,1.6356785141886339
2015-05-01,8.23979137268082,-0.33627009237524774,0.26971792092047975,0.2712779742910708,0.5639240940907548,0.6638040848809666,1.2269561083541758,1.618555356875941
2015-05-08,8.224957341440216,-0.4012762828550267,0.2754888399224573,0.2377099293011936,0.5649995067671716,0.6029772335681343,1.2124149982248116,1.4512352147917764
2015-05-15,8.238207588682657,-0.3609500546574407,0.2804325232593716,0.20140843144844303,0.5862703591004437,0.5613920369275524,1.1867268673279876,1.391716549435995
2015-05-22,8.24810731580945,-0.33273774555920654,0.27211700902196156,0.1759478857411514,0.5912043132433904,0.5206062965753989,1.171363763407945,1.2731571729752007
2015-05-29,8.239290943665114,-0.37412431169479093,0.2526349855967937,0.15230868497904057,0.5865541120988593,0.4856761212299864,1.1584043072505175,1.2068381998293003
2015-06-05,8.223679620782152,-0.4377513786647501,0.2703226206336347,0.1430383529683034,0.5630146454355959,0.4391472395568185,1.1947864069302856,1.0964958249945214
2015-06-12,8.202577875447716,-0.5157565140136858,0.2739709608456995,0.12523633140791438,0.5807994252844105,0.43996869319257287,1.176304789811309,1.0774462806230425
2015-06-19,8.228745916938713,-0.43867670192672814,0.2920552181215772,0.10778877067875375,0.5862101380959344,0.3946369835605467,1.2730996796328005,1.0278991355346208
2015-06-26,8.219449911940753,-0.47669147618735297,0.2591559590979747,0.10783990802519604,0.586875739756761,0.38626981317833403,1.2236000055032006,0.9789358334101825
2015-07-03,8.193570883411875,-0.5657313838792783,0.2691228897013069,0.07970587588067733,0.577055555350588,0.3720841895735057,1.246318264440793,0.9340733662936334
2015-07-10,8.206122424223599,-0.5340378175701463,0.27856731483003105,0.076238225971656,0.5888822264818209,0.3454021513784629,1.2292288059974545,0.8832122263056597
2015-07-17,8.323746601973848,-0.17834381076009567,0.28442095030197445,0.23503360831259013,0.5960112383872077,0.5365381010145137,1.2328013485808973,1.2032823283947882
2015-07-24,8.256449590943108,-0.4484227477639848,0.2830085849958044,0.2930090640125035,0.5882432603326426,0.6729262684884637,1.192931969364922,1.319397988057162
2015-07-31,8.269108898967815,-0.413021891729888,0.2748720663246087,0.260361580595165,0.6198469158604658,0.6101148153492273,1.1786894156758425,1.2143073899825936
2015-08-07,8.23413009558204,-0.5338732815464342,0.27892834563936375,0.27652652928116944,0.6130490069443848,0.601503606655725,1.169329986432671,1.146571519474585
2015-08-14,8.235985725920358,-0.5332423891905242,0.2965652193379229,0.2498264622466037,0.616174419646644,0.5480221314160845,1.2337855422784734,1.0874730086107482
2015-08-21,8.078518490483981,-0.9591640082397485,0.2974977313094266,0.5207017958091625,0.5892660067232801,1.0156407190112058,1.2050480002227009,1.7129120796866075
2015-08-28,8.140025685036514,-0.8604135594335214,0.2913101578583237,0.5105289572808449,0.6205480981448084,0.9983264367396922,1.1819993087810765,1.7660121618320226
2015-09-04,8.069320621348288,-0.9980708891592719,0.26877827476337973,0.5091224985435346,0.6039792845057134,1.0565618562469115,1.1666569892543337,1.9431339958624883
2015-09-11,8.133922987121709,-0.9013962963373516,0.26820901258120633,0.5315019050137438,0.5869132386764673,1.0288205977217941,1.2063883016887362,1.9471880398228922
2015-09-18,8.123794503466163,-0.9237600980602386,0.2557621495150867,0.48663566710852196,0.6005366332978634,0.9240104708369056,1.2017370660424145,1.7361733891872748
2015-09-25,8.081284655905044,-1.001760452854775,0.28103470120430585,0.448530751845624,0.6138914078629868,0.8732461767870698,1.1903902955505183,1.665982961695225
2015-10-02,8.098794936751963,-0.9782397720145068,0.27045970264976377,0.4057184351988787,0.6155440133708442,0.831011048444382,1.211291776147444,1.566545537069343
2015-10-09,8.149585122657662,-0.8951829504315625,0.27619909626524936,0.39344889537940025,0.6434484458239225,0.7750202230912804,1.1981265661432698,1.5073464652297663
2015-10-16,8.180731897855148,-0.8347292183948878,0.2893037568212998,0.35533784325244355,0.6187785222761509,0.7720137116073879,1.1860065421825328,1.4435712950284187
2015-10-23,8.263402305128638,-0.6474981504696128,0.26796048649294013,0.4329602268631105,0.6105227927144781,0.8168591736433245,1.1782647324047304,1.6392438825530071
2015-10-30,8.273194508267217,-0.6240438850389719,0.2765500263634916,0.3777125341086213,0.5983443079627612,0.7648143453262596,1.167141080654557,1.5342465637460465
2015-11-06,8.29201866105964,-0.5745395705390505,0.2838767413618228,0.3631713665294815,0.5924519354911313,0.7377859078330812,1.1711197721768043,1.4378551884286574
2015-11-13,8.198891722705193,-0.8414232067355714,0.28607372757213634,0.40435375857502975,0.586353740731163,0.851918280675988,1.205422387961702,1.710777462871776
2015-11-20,8.271173804484985,-0.6803492815457702,0.28731636937215893,0.4392227778708634,0.5937308078853246,0.861498885358793,1.163313484035105,1.7787258925777985
2015-11-27,8.30817964226361,-0.5837259641684929,0.27665723965414296,0.42260458872719747,0.5906886155207396,0.8077752809999311,1.1273694235399243,1.6809405953584615
2015-12-04,8.32324973723989,-0.5442365906581067,0.29848833114939294,0.39516712187920405,0.5904600043955559,0.7575244065006913,1.1888100325088438,1.5689792893253838
2015-12-11,8.244763842501637,-0.7761735189698449,0.3005298540373541,0.3806713541660731,0.603051107815502,0.8129796171860574,1.1585282597752353,1.6456313657420405
2015-12-18,8.221861316090399,-0.8332083817384713,0.30142998388380976,0.3553292482086675,0.6022710879516673,0.7584306846947945,1.1336438152752095,1.5834050482728252
2015-12-25,8.292486864604271,-0.6763211323075742,0.27976875927974326,0.3946952826041472,0.6058107842763145,0.8037375066947071,1.2114596937534619,1.6635055797377696
2016-01-01,8.278768379868492,-0.7163275114985324,0.2884360015274514,0.3441931818198723,0.5888905046319448,0.7302885357524624,1.197039027322725,1.5255357581580848
2016-01-08,8.130267103176784,-1.0613909383475741,0.28680669212133586,0.5291890446033066,0.6024261305669886,1.030244677735442,1.2225258451580026,2.004666009219468
2016-01-15,8.069892374528091,-1.145069621761511,0.27501877467717883,0.5445881476947874,0.6058916763154882,1.0399689713469762,1.2244386815165738,1.9358534821116367
2016-01-22,8.126414436235436,-1.0863464415030493,0.28306733373658094,0.5321432155851864,0.6159217669010278,1.004928314715187,1.2037067381816093,1.9875780080764407
2016-01-29,8.13453814725909,-1.0780006324855413,0.2849517676815292,0.49097125062381897,0.6111004630749542,0.9357419748980449,1.2220190063780798,1.8504055482070592
2016-02-05,8.040171702658856,-1.2013972869332965,0.2930239275470068,0.5210328778638762,0.6292289936724892,1.0750609594653313,1.2112654520294175,2.0231994102256188
2016-02-12,8.03393615934439,-1.20959963030671,0.2788056809494861,0.48087284124364454,0.6366863096700806,0.9913238269455973,1.2447804897271895,1.8948001699092543
2016-02-19,8.097995852742942,-1.1596397432322114,0.28537989094092625,0.4833189672148133,0.6028882997845169,0.9273553883633594,1.250043161378048,1.8670967056270613
2016-02-26,8.12838147283879,-1.1262669406239374,0.27888858309268594,0.44194752044589763,0.6170181897925827,0.8956613802932918,1.2387629074690205,1.8456480595285465
2016-03-04,8.126466171862827,-1.131787563319608,0.28334084782145436,0.4152831018273939,0.608349886496915,0.8458859212125879,1.2339783848979378,1.7348000291151058
2016-03-11,8.140371022877352,-1.1159195208954897,0.28233774473054135,0.3818909576966159,0.6267971870822654,0.812958669720806,1.2039095692178066,1.624102538478132
2016-03-18,8.141526476068817,-1.1171452113344214,0.28325187175508215,0.35787201188099454,0.6028677687351186,0.7712995738454944,1.1901242210658776,1.5562876933206082
2016-03-25,8.14328713081195,-1.1175003718611831,0.3013611300783084,0.3309152562115741,0.6393713971943592,0.7332510019750389,1.2154056121145083,1.4781883340960271
2016-04-01,8.199078114023056,-1.0365978648702303,0.2823145149104744,0.3462809002174333,0.6229645186165678,0.7256941612499519,1.2352953638473927,1.4207177077553466
2016-04-08,8.168962873331287,-1.091551198654626,0.2719999201092938,0.337429976690271,0.6211342856292509,0.6977769702090806,1.2474666918271289,1.387570315718571
2016-04-15,8.199275073931107,-1.0454110092411841,0.2758093396451661,0.3087715541686634,0.6401274869767958,0.6756164335747004,1.243906757123851,1.3432945566810013
2016-04-22,8.166670084920115,-1.1038694008108523,0.2949610364435721,0.3170248789474899,0.6085069602840848,0.6438154685091257,1.2129626018425665,1.3089867225606922
2016-04-29,8.10544407381349,-1.1946233246243616,0.2824496800957961,0.31250950652428516,0.5996809230041176,0.6650938570765325,1.241953975368412,1.3579632733197742
2016-05-06,8.093082338601098,-1.2112173283061558,0.2871812215689049,0.2968566044910985,0.6028043431823084,0.6167189718210415,1.254508653845058,1.31120948342965
2016-05-13,8.088545903399723,-1.2189688071091591,0.3061279324165246,0.2748714665626856,0.6153666161362047,0.5906973076223511,1.2641077012617254,1.2461641480424628
2016-05-20,8.098423747419142,-1.2121339474795414,0.298959438256489,0.2649964354617791,0.6093086947379036,0.5677773840192448,1.2795758181019605,1.2193989469471802
2016-05-27,8.16354551296773,-1.1401759780523029,0.2871787424369385,0.28004332580147656,0.6026433872562331,0.5947147969233962,1.2175348959941903,1.1896086455960602
2016-06-03,8.162235988173,-1.1448042381825743,0.2842011673857532,0.25468206351029593,0.6023068343074879,0.5696219224479503,1.2168322271827756,1.1480822317357693
2016-06-10,8.141929691235864,-1.1765563601230133,0.2960061850058278,0.24740373161254572,0.6305455844357897,0.55008683432777,1.2217060242166284,1.1017707171116509
2016-06-17,8.100976179898444,-1.2307777392323052,0.2987244552740502,0.22655954097836045,0.6227055348632091,0.5393594378590962,1.2044963609364683,1.088757455681555
2016-06-24,8.073134577299262,-1.2615584239448558,0.28654499538943096,0.21291305381913256,0.6086103727870434,0.5419050376432119,1.164900769343052,1.088766144853582
2016-07-01,8.141331957543569,-1.1995878656347483,0.2715729712140929,0.2287963547063466,0.6145234718251226,0.5435431313202987,1.1583449426606474,1.097867895449999
2016-07-08,8.177917816070082,-1.1531346341117001,0.2634083128891413,0.2322747693292491,0.5949902171925776,0.5236533720794707,1.15387357214594,1.0994619914114667
2016-07-15,8.204861178436953,-1.113593202880586,0.27162289443328563,0.22083295316544463,0.5763749937936561,0.5177308034288016,1.1724921896372962,1.0560861946477489
2016-07-22,8.234575280293024,-1.064549803262539,0.2646391637599565,0.2139694064606959,0.5452748595386561,0.49179909643502845,1.1220330096471698,1.1071827990340724
2016-07-29,8.260912966608297,-1.0165969360152878,0.2542619906497465,0.2073771296341674,0.5566245861838188,0.4711695338642508,1.1534993264687072,1.0595729173995418
2016-08-05,8.280123463731764,-0.9793579425616651,0.256397566009603,0.1834294416884664,0.5911901657924846,0.4417056843325878,1.144853169921957,1.045248736716429
2016-08-12,8.286233506558776,-0.9684932262810114,0.2436297001811888,0.17420679212446394,0.5830777489688408,0.425938451956451,1.2089191885479782,0.9945153896089085
2016-08-19,8.277979350938327,-0.9885905325406006,0.22788967638128374,0.15577569477495393,0.5757374174409866,0.40905247704204956,1.1857151849571332,0.9554538171527234
2016-08-26,8.267906450558435,-1.0119060258817587,0.24586862165495213,0.14097855072157642,0.5598191103138892,0.3944782036499731,1.1194497323225303,0.9567153773166034
2016-09-02,8.27259655317135,-1.0047195823051243,0.23373317599843305,0.12127174676640515,0.5652139949845194,0.3712807529495414,1.1323951433986927,0.926680675614242
2016-09-09,8.222893157016072,-1.1049421049342094,0.2431372303549199,0.11682727946538816,0.5660073551744903,0.39213792159743877,1.127569958832042,0.8551321423658911
2016-09-16,8.278000376659726,-1.0098866803619369,0.24873479137625018,0.11362779883364893,0.5412065401704086,0.41209332702422957,1.2006780512657969,0.9119197148159416
2016-09-23,8.296957808278696,-0.9731534473548449,0.2610956058947543,0.09641991421587483,0.5593176253614123,0.3859997917268064,1.1806285027483239,0.8965253484142265
2016-09-30,8.303301238532207,-0.9618320741934011,0.2568053555286248,0.08425742169819177,0.5659596789518424,0.3653439373808289,1.145509302773954,0.8694158560515022
2016-10-07,8.293992082195603,-0.9842486203596169,0.2458484954564774,0.061107516649048656,0.5511306394263711,0.35716518028605304,1.1905056760741617,0.8395398698938512
2016-10-14,8.27022822606422,-1.0356436804483333,0.2589542442449546,0.0684615623778863,0.5632988488806945,0.3444664093637699,1.2028404515228694,0.8261108141273428
2016-10-21,8.291961900790142,-0.995479539978489,0.25691139236004573,0.05602202501287137,0.6002923374393792,0.3221140712784408,1.169389200430699,0.8229423624876473
2016-10-28,8.2726369916621,-1.0370488395535145,0.2639959774658742,0.049266216975750184,0.6068076008110981,0.3125849427302003,1.2151826431222559,0.8122277391694939
2016-11-04,8.20384482770282,-1.1647533712100677,0.2642452446332679,0.07831825358420495,0.5924078368725002,0.32954856321870557,1.1899740668393324,0.851498529372805
2016-11-11,8.241488197480619,-1.1102062659407383,0.2702621990831196,0.08966865885265034,0.5996147845709967,0.332122308737293,1.1602573541470718,0.8613976180353488
2016-11-18,8.258909265712601,-1.0827146779215404,0.27780835646423613,0.08681745366501957,0.5902254075163194,0.31876845043712154,1.1633454148269338,0.8404084485654542
2016-11-25,8.28392045745333,-1.0394431493159082,0.29048845838365633,0.06967772474883827,0.6128364611991916,0.30934092981527644,1.13805033537847,0.8295834856015432
2016-12-02,8.227797170727305,-1.1462217563732513,0.28662039479079515,0.06905596144163685,0.6053567750753873,0.3446200030125382,1.1835848087796097,0.8473818444365354
2016-12-09,8.292396561520205,-1.0419904131346258,0.2722458751900816,0.08569974469104225,0.594294005821545,0.3674937086190766,1.1852961556768913,0.8366765988639494
2016-12-16,8.300430256356098,-1.0284695842216385,0.27366278285856255,0.08426297803384562,0.587205222139515,0.3480304081253321,1.1321053254255165,0.8015522799995952
2016-12-23,8.309886876647603,-1.0117864702565647,0.27877659147950734,0.0758454921089552,0.5950412208009698,0.3381724266290511,1.1381725272591987,0.7947201403766785
2016-12-30,8.27741524754566,-1.0789330201183802,0.26331563334131813,0.07233797907308526,0.5701260338144536,0.33845926421641204,1.190441966929627,0.8247848694763636
2017-01-06,8.331796727858324,-0.9786044176181086,0.2602154745140677,0.0921764154425723,0.5634933118843609,0.35480719157314566,1.170642828832563,0.8226349804123769
2017-01-13,8.352637602275676,-0.9358252443411613,0.26469575971881903,0.08388527178308636,0.5658231461993941,0.3446766709118705,1.1744421338500526,0.8120808448216972
2017-01-20,8.354121404885879,-0.9348426902245075,0.2808839748274546,0.06973543489493912,0.5673314679444834,0.32773782330027584,1.1650179832486058,0.7878414879300097
2017-01-27,8.3934198613181,-0.8475295905727682,0.2801438360208066,0.06540524990986189,0.5801762887241765,0.3323851563422581,1.1770654995947514,0.7791633430124081
2017-02-03,8.388499991268723,-0.8622429349633256,0.2809928061132144,0.052185243438359084,0.5754416635475081,0.3135087598390385,1.2040188028131653,0.765682380857896
2017-02-10,8.40316313364506,-0.8292883282838808,0.26699387141032455,0.041212924117664675,0.5805488719291183,0.29085044776107843,1.2319792920547485,0.7261416657162143
2017-02-17,8.435841917776921,-0.7501018458907507,0.2587413392612562,0.03523510735289278,0.576737901571058,0.29797599029330674,1.2590652716408033,0.7600769042789352
2017-02-24,8.442101027935848,-0.7366440916014618,0.25699266572534535,0.028490533606832843,0.5569827658156077,0.28362705915484054,1.2427316780187032,0.7525122619161562
2017-03-03,8.451383955636013,-0.7151099605725115,0.2554617463823031,0.013708768940320975,0.5554051333881566,0.26427350399534055,1.2594963926335117,0.7283902091533468
2017-03-10,8.490699391711843,-0.6108860791745989,0.26693915229054194,0.012635159483187969,0.5762202816656621,0.2665622430104612,1.2555001236036378,0.7201576548886165
2017-03-17,8.494663639093329,-0.6029441243622726,0.26359907186568166,0.004535782940469753,0.573658528180636,0.2540655282391325,1.2382214806686906,0.7099411942189092
2017-03-24,8.4808555094039,-0.6474342106367943,0.26472065945209494,0.011898318346493146,0.5626146525600904,0.2444331626623682,1.2432832162567575,0.6635860821075109
2017-03-31,8.506622409649204,-0.5772933217867283,0.2534596037628931,0.00129445888723412,0.5516911062221488,0.2439300396513443,1.2114296173906047,0.6668675367260535
2017-04-07,8.495716005356822,-0.5504693197429963,0.26056381830604974,0.00010548394856791678,0.5434317635599282,0.2368064708242492,1.2068437162262198,0.650812004634972
2017-04-14,8.471658386739703,-0.6861047117389303,0.25582124697542147,-0.021795628976414665,0.5588982819639636,0.22563941313379035,1.1675934373184362,0.635483907114992
2017-04-21,8.50442148589201,-0.49475949291308274,0.2553356651719561,-0.014042213385291295,0.5818857464593384,0.22248279316995906,1.145131588841587,0.6610163126443348
2017-04-28,8.551819859431511,-0.18974457649641796,0.25885570726185086,0.004796765757489818,0.5704932710174164,0.23709185916431488,1.1246587301709077,0.6684982927438375
2017-05-05,8.573305410652075,0.02134467555854964,0.2644572977968062,0.011808646667570099,0.5522953924714854,0.2529565883226403,1.122375587484269,0.6556900304604409
2017-05-12,8.53722972057093,-0.3153235387762281,0.26032182970670864,0.025035661641331242,0.5806840402500506,0.2601085873104895,1.1272078327210293,0.6799947973711907
2017-05-19,8.517823304453314,-0.4730191208776933,0.2631435931251007,0.015117985397823271,0.5820209980171935,0.27166257253285414,1.162506686085085,0.676571123835806
2017-05-26,8.564121004962985,-0.20446408731747323,0.27800633700812066,0.04169480249076715,0.6042914761285951,0.29333840603463845,1.1657079078389858,0.7127663682808585
2017-06-02,8.595862750352419,-0.020157982880437693,0.28446662020643465,0.06248331677673652,0.5948226554994885,0.318557634569006,1.177604378758024,0.7482503049826567
2017-06-09,8.546249676449653,-0.39966350958614544,0.26821097875728006,0.09144215208738295,0.5839831766490448,0.34774008308568327,1.1482824358566022,0.853797189795618
2017-06-16,8.52230702843425,-0.5373002357823451,0.26881567978206067,0.1006916209266192,0.5751118952594708,0.3424911013850638,1.1814048150787215,0.8246291447750612
2017-06-23,8.559989063948887,-0.36855811585171555,0.2624574436665543,0.11865163621540324,0.5663373255113486,0.35937030585593255,1.1426223485579918,0.829961268432939
2017-06-30,8.503722948888065,-0.6675426800013075,0.25033943044185464,0.13473513538047496,0.5723449184043491,0.4160173697082135,1.2077482407018736,0.9133365910177552
2017-07-07,8.5049760074198,-0.6693069214246086,0.27537121509027135,0.11609963963326644,0.5707284215238746,0.3863167821841461,1.2165809237853726,0.8510248394495387
2017-07-14,8.568157664538,-0.4196287838510533,0.2658342631972924,0.17667784786194424,0.5799813830209052,0.44881254784139235,1.2208646760018065,1.0217671511721689
2017-07-21,8.59650943651049,-0.29126364955870193,0.27230097722283,0.15063241166061145,0.5943797247609699,0.4436382014929029,1.245813794659773,1.004892508772426
2017-07-28,8.590272739666194,-0.3329452945958669,0.29123928917544345,0.14709536848592178,0.5930421209341504,0.41637255243475846,1.2194596004142633,0.9291454551513526
2017-08-04,8.586382695383088,-0.3733062496443915,0.29710199788440206,0.1276054927489558,0.5942048137451377,0.3883936112974533,1.2880209620397087,0.8726357031075258
2017-08-11,8.556991964576019,-0.5275667581688293,0.2929991169704253,0.13355717286284902,0.6131431995271371,0.3683624216565494,1.2772533272346283,0.8788129023389607
2017-08-18,8.536179354712065,-0.6201090894900809,0.3011016723990995,0.11594494240161454,0.6230966152432978,0.3729029638060991,1.2697680603889259,0.8445378360786693
2017-08-25,8.54762656644729,-0.5881381992078779,0.31482552440271044,0.11244338377100278,0.6342817905505026,0.3529947777888451,1.2799143079425273,0.8026931361935241
2017-09-01,8.602458630025424,-0.3744165310915449,0.3185056401712411,0.13657787691942536,0.6376893561071975,0.39605436038579683,1.2648893173985163,0.9155932270555629
2017-09-08,8.576924263830403,-0.5065875920194609,0.30163281514395834,0.12699899749364207,0.6186355959191954,0.3719179235190522,1.3003322669543895,0.8892445873725086
2017-09-15,8.600839858312325,-0.4145004549193692,0.31965707259867127,0.11074289151192819,0.6198892790533619,0.35495391605510945,1.2570507981899524,0.8623491140039206
2017-09-22,8.580213505034784,-0.5182788892240894,0.2988772573709385,0.11465944418653223,0.6141980231183333,0.35351979940763867,1.2267154433039322,0.8350701537644433
2017-09-29,8.59539930009695,-0.4652202891112084,0.2970975886487004,0.09474766771497786,0.6313290403310308,0.33398371714611635,1.2507696475850305,0.8142218415227829
2017-10-06,8.620286812769594,-0.3689464030628534,0.2922171607673569,0.06800469586464154,0.6272951383202217,0.3278556830543833,1.2518240157323153,0.8024509406155802
2017-10-13,8.629453911472739,-0.3397270625590885,0.29227673595292064,0.06078514633276924,0.6244492808704972,0.3142161136106553,1.2401101133890675,0.7750582062528718
2017-10-20,8.634895609245314,-0.3279080145134233,0.3055087820256419,0.05193939182080059,0.607026117742081,0.3004501640399348,1.2459784460457262,0.7417418598040397
2017-10-27,8.676111551657218,-0.15110469677108226,0.2983393161872735,0.08391716758920756,0.6099344538264301,0.33361664609930985,1.2239611396182684,0.7687900517392212
2017-11-03,8.700528671516187,-0.0452851678455411,0.2755067037964807,0.07294870920937838,0.5983606105273382,0.29273194563048255,1.2477974604186768,0.768187083736751
2017-11-10,8.699145506882337,-0.0743164797786535,0.28150112777283837,0.05838334700164169,0.6078436752090881,0.2713068956693003,1.2699714990959508,0.7198651441271742
2017-11-17,8.69318594786854,-0.12553471667097982,0.2871100026847111,0.044702337552276254,0.6180929700460536,0.24951041510746574,1.2498235727094653,0.6894836501397933
2017-11-24,8.722156974829323,-0.00022869135689558562,0.2881281090215296,0.036577521515369076,0.60644636331379,0.276267861459125,1.2829304593833957,0.7092906385676621
2017-12-01,8.698390396864045,-0.14719433752416136,0.2903515073287319,0.04975614809041233,0.5997379512634664,0.26984722664305905,1.2640628284417186,0.7003585051701301
2017-12-08,8.700109133694802,-0.15668252815040576,0.29502426724432357,0.03233714044052952,0.5818621040637285,0.2552309958604701,1.2878383924858916,0.6590121727910286
2017-12-15,8.734468883025825,-0.01152235468754307,0.3060350120073648,0.0243079761196178,0.6027139380212908,0.25617140621715306,1.2147189189333478,0.6867179220831711
2017-12-22,8.739396760765791,-0.00814733895077595,0.29286739619137475,0.008044289339252638,0.617302955403802,0.2463866213604059,1.215315552082478,0.6457844538511448
2017-12-29,8.717469299584515,-0.13978814620660202,0.28250393016425723,0.013514951332579985,0.6003899325244811,0.24406207398312563,1.2532553907348065,0.6293614143661932
2018-01-05,8.79252045612131,0.18737113923664556,0.29809066629584424,0.06997289934097711,0.6124430178980778,0.33699487599034994,1.2383839277912851,0.7560508059765813
2018-01-12,8.823775736403762,0.3274823172740193,0.30179610881343777,0.0845785020129603,0.6230184616137259,0.34339470164016117,1.2239388196680003,0.7712012455439321
2018-01-19,8.846249688138856,0.42070209403918774,0.29785249267065106,0.07946565451273664,0.6437117451894838,0.3404748817797906,1.2630609373730453,0.779575419117248
2018-01-26,8.900684407441942,0.6933704267446459,0.2936973952770118,0.12511012852027084,0.609018188686803,0.38081030572568836,1.3085949838570758,0.9281742241084515
2018-02-02,8.822427563133099,0.1527285585819008,0.28216740867907386,0.20303291048570743,0.6303330402170628,0.5255612311714142,1.3099662836758443,1.2408862342433558
2018-02-09,8.70946320777448,-0.3304092210626489,0.2730150893656884,0.4047950069352851,0.59679571277825,0.9213975077469364,1.2130706035984913,1.9042935351749677
2018-02-16,8.81278258464213,-0.06692192012476073,0.2815295042080277,0.5812142969741927,0.6180037264786836,1.2136328243157106,1.212914414011117,2.5538654437060417
2018-02-23,8.848430192503494,0.06744110941000547,0.27237709216015993,0.5748392414470871,0.6215131702543982,1.1418535886161103,1.21139788588897,2.2972822990953805
2018-03-02,8.821909755763068,-0.058342857256652586,0.27310073272632984,0.541176223964465,0.6038132108862525,1.0590018340105452,1.2076499720178642,2.02359121572364
2018-03-09,8.904265379132367,0.2511091658808564,0.2577847188802341,0.6012648723601619,0.5947459558743431,1.158708923959091,1.2059524497355971,2.3496033757516774
2018-03-16,8.879575314083926,0.09803729127258187,0.2803966732279679,0.5538290956715494,0.6168048273996228,1.0575897318622842,1.2458314919931663,2.111551287470428
2018-03-23,8.725745091707275,-0.38900392558290803,0.2880810013449894,0.9258904797774967,0.6332103930515379,1.6034260420777864,1.2705265980237146,2.851431700867221
2018-03-30,8.74717959929356,-0.3412427936790356,0.29426008436909584,0.843000607265474,0.6379495486871967,1.4528932200814686,1.2647398173215927,2.540377928805278
2018-04-06,8.697373477993214,-0.46726779802300106,0.28855140488293013,0.8080403306488825,0.634601359827806,1.410107049640577,1.276995555899021,2.394312614784393
2018-04-13,8.756912625996732,-0.33529989315578557,0.2900409763693823,0.7793327829695221,0.6251665450280662,1.384403325673581,1.2291995817476462,2.4436632567081054
2018-04-20,8.768802258153636,-0.31033360617845657,0.29841936565277105,0.6939348151563199,0.608898625889721,1.2592281993316674,1.2256127932617844,2.233768155637441
2018-04-27,8.764875378823143,-0.3245613814056008,0.2782181931289451,0.6471374329072858,0.592377508829943,1.1487819917721878,1.247482472934263,2.0228181996018915
2018-05-04,8.795238656659441,-0.2543197220307121,0.27912090295544606,0.6259391928440239,0.6255449461517388,1.0850217402893034,1.2037817559864232,1.9383956593751013
2018-05-11,8.879801716353882,-0.043966607491482436,0.27494940630915127,0.6488675722744827,0.6004392607810292,1.1509365529791908,1.2388508794833886,2.1396795539008564
2018-05-18,8.84816809564226,-0.14018778111531832,0.2813848249340254,0.6154164576358996,0.5902076783688109,1.083549163509942,1.199302356742065,2.0694283734195387
2018-05-25,8.873589885727132,-0.07824263289290641,0.27172700583780285,0.5570352756002973,0.5760898554585433,0.9918745714034105,1.1681040390418267,1.9513928679716688
2018-06-01,8.907969833989245,0.009301632553441774,0.29094577688449286,0.5288676011515527,0.5861325280113749,0.9265228662730919,1.2202177068360969,1.8280178583252513
2018-06-08,8.924949594368991,0.04972694397886114,0.2787602558762371,0.4868898352934276,0.6042814637556335,0.8678297801176496,1.20844899161122,1.7078882997709508
2018-06-15,8.952384224369766,0.1202585295357343,0.27827039632669887,0.4503743815636012,0.6056176719165428,0.8500393864999293,1.2022565029102648,1.6218616293385193
2018-06-22,8.938272425977779,0.06954383631452674,0.2876242892207669,0.4381804608740634,0.6174656191524968,0.7798692248539627,1.2372068858506495,1.5235552573138151
2018-06-29,8.893654530793924,-0.06660140706588177,0.29481915232413836,0.40223197925801735,0.5989472707697783,0.7739845248916919,1.1924044343566509,1.5360615439628211
2018-07-06,8.936043671190507,0.04017813124625127,0.29400329660027025,0.41140479892272963,0.6011878707800101,0.7971121499083923,1.175322650525822,1.445440011835719
2018-07-13,8.982087751818037,0.1608855228526072,0.28219101738706415,0.4056727677784579,0.5759889386785684,0.7840602430225376,1.2174790838748617,1.4667672703323984
2018-07-20,8.975165109670439,0.13105345358508116,0.2845121524562245,0.37972183187676023,0.6065494722374247,0.7441206142866857,1.2072343426417542,1.384031510748656
2018-07-27,8.919583590781718,-0.03786510325483965,0.28424399160769953,0.36632058886610236,0.6078861383853291,0.7359586346436277,1.2390432179372473,1.4707191247519233
2018-08-03,8.944667405265443,0.021800776751242854,0.29095272966110103,0.3425214512533487,0.6005246078893122,0.7173075745407803,1.2304923363792284,1.4561595275499148
2018-08-10,8.938652871385417,-0.002172123620597559,0.27617514269882676,0.3258558607575455,0.6175402557637799,0.681455939677259,1.2229321623143925,1.3748606224551139
2018-08-17,8.924970684034715,-0.046077706114285175,0.28929523151193787,0.3047978179523743,0.6305142139056904,0.6618593301353043,1.2900099474652993,1.3186546558226389
2018-08-24,8.9523036072799,0.0184232651256026,0.3058246169581187,0.2874828144440401,0.6108069673328969,0.6226065767584134,1.2102660205933053,1.2366503661833854
2018-08-31,8.995823586756947,0.1272827999955066,0.3020605575239827,0.2960719895076135,0.6210772976649204,0.6097417172036576,1.2834443163638936,1.255363767792178
2018-09-07,8.93341680206867,-0.05571705611789058,0.3132178195487116,0.31798999228315106,0.6203374776763357,0.6391095788898437,1.2437034740290698,1.3174074634920556
2018-09-14,8.961229829824598,0.00882389765250941,0.302560995688678,0.29490427763564475,0.6360607573022125,0.6367700356918136,1.2744773564299683,1.2209362859059059
2018-09-21,8.953855328459909,-0.01785643284016739,0.3109926932344219,0.27857366121083427,0.6118345120445927,0.5970872878077754,1.228759764636087,1.190674316269532
2018-09-28,8.980044625457083,0.04282180626439644,0.30091434650737486,0.2654054727723947,0.5936315479965525,0.5924170484884137,1.249027198112158,1.2005385754919145
2018-10-05,8.915220167479672,-0.13590806489200472,0.2849642395993618,0.31496260630403783,0.580625826425039,0.6345428556599957,1.2234863186640146,1.173831754513772
2018-10-12,8.848454923619887,-0.30149599982956793,0.2878661620749286,0.3363882032848374,0.572363290284174,0.6758542086408234,1.2300003137033564,1.2947869972606423
2018-10-19,8.834466428061637,-0.33618543174753385,0.285114019868983,0.3129890859905471,0.5744346066707118,0.6347775383778085,1.2529908254339182,1.2419211683673477
2018-10-26,8.761150475784914,-0.49337146639630947,0.29449036320954075,0.3225455786922854,0.5911343992105743,0.7031013037805351,1.2359563740860984,1.3393244000065687
2018-11-02,8.791841710521602,-0.4388645455385392,0.29431397267847337,0.31024888901144304,0.6051282820454705,0.6775497552040308,1.224746364854044,1.2767974540681175
2018-11-09,8.809500611287232,-0.4076885045934416,0.29677558504330365,0.2858867691082602,0.6202465939516311,0.6523026457006564,1.2331904577142596,1.2390485161298812
2018-11-16,8.759285288540102,-0.5105681072006418,0.2955216942483436,0.3160045948565797,0.619332961893761,0.6417597936695489,1.2131498826428886,1.2301541637810223
2018-11-23,8.650187428623617,-0.706384329597193,0.29798838805013633,0.393568146445341,0.6339872260077961,0.799346877637665,1.2457325409597497,1.4524717680377572
2018-11-30,8.77477828381227,-0.5199030255185464,0.29145972515401514,0.5176096117852425,0.620724303911813,0.9665757843368143,1.230589509856733,1.8598281676185073
2018-12-07,8.671083822233683,-0.7063043806291647,0.30165130451160144,0.5941712224839262,0.6195860588186812,1.0704017155390868,1.2102114979198575,2.036078028640415
2018-12-14,8.659704947498902,-0.7253782629480653,0.30785789549637366,0.5425251381198483,0.5841715211593496,0.9946875900323813,1.2876473639113817,1.8360193166528314
2018-12-21,8.481544514267362,-0.963335508785292,0.3047908651142209,0.7840108146036115,0.6112294566285569,1.3725607486850777,1.2833606122091024,2.453362312335298
2018-12-28,8.56322594293907,-0.8887929007919652,0.3060307343974062,0.7948609866926399,0.594180338954497,1.4164319232207219,1.2305896675218233,2.4263251438321802
2019-01-04,8.601905282439338,-0.846480496192981,0.310322589095885,0.7266476230417995,0.6082407758592118,1.2526047123595838,1.2594202579660263,2.2426221302609117
2019-01-11,8.65658028354382,-0.7796114294896341,0.29020303661709373,0.7063476499537071,0.5896207754644639,1.1974137816233508,1.1899311741309944,2.2440096628887454
2019-01-18,8.71131804344224,-0.7045182823629621,0.2876262397062296,0.6701738795677051,0.5817528635249082,1.1568393826949,1.2020894787240184,2.1507703466602144
2019-01-25,8.712172291123679,-0.70544115830221,0.28418844318508424,0.615491148131902,0.606876376316758,1.0580979878047043,1.1898775694278463,2.0329448712260163
2019-02-01,8.735786727412462,-0.671252767711153,0.30247043040765786,0.5871357426623145,0.6062313868740613,1.013087942148279,1.2179640247627832,1.8848635347701401
2019-02-08,8.738982268564326,-0.6685035576080554,0.2924713975823592,0.5471605380277795,0.5926895374775547,0.95102280390383,1.1493564478262162,1.7676344485781188
2019-02-15,8.777360069705791,-0.6089671425463409,0.31706429026135713,0.5154744066874203,0.6204611128993013,0.9377300380631471,1.1951772883731755,1.7304094607073888
2019-02-22,8.782923889236898,-0.6020892095032677,0.3009020359856641,0.4807735277905375,0.6078191938833822,0.8979366976510232,1.184822124556535,1.6568201367850874
2019-03-01,8.79525989219176,-0.58357105803218,0.2930955367696937,0.4525803134409875,0.5897233469183985,0.8625350272032045,1.1864452551386289,1.5749510197710712
2019-03-08,8.757870608056901,-0.6506012904724126,0.30191043185672234,0.43949199191440047,0.6105114032979063,0.8545714237906451,1.1589649873142334,1.548872119641975
2019-03-15,8.836621122030127,-0.5232451702234038,0.3079111222213248,0.48247275277145923,0.63808151007547,0.8801812387007162,1.2101301317008697,1.5726609268451646
2019-03-22,8.84026406572367,-0.5195676367013626,0.3101640786218344,0.4576621319426051,0.6212850570382773,0.8417966430658758,1.218068711668081,1.500666155191188
2019-03-29,8.853580051535838,-0.49810629831222436,0.32730334171176206,0.42286590165306304,0.6085942028897552,0.8068842562681698,1.2573138473834122,1.4469863573143475
2019-04-05,8.904333631260506,-0.4059744713079793,0.3024741588487774,0.3979648474693795,0.6299049796016435,0.7908187053749381,1.2455834909867989,1.4629808448683383
2019-04-12,8.917056666431717,-0.38423188017219595,0.307966422074975,0.3817872458705009,0.6238387032113517,0.7623707214692939,1.2200875819751325,1.3733090636240723
2019-04-19,8.933145204811598,-0.35548906898516996,0.28400632437535855,0.36950896345506473,0.5950468759028598,0.74899422607939,1.2508869531722326,1.342702093238485
2019-04-26,8.967696573449327,-0.2882932066608357,0.2952611191680896,0.36445378511083654,0.6126749116078151,0.7224781019781897,1.1902780094182097,1.3211450834968874
2019-05-03,8.97082952870102,-0.2860854223990661,0.3052039677205811,0.3447179471478963,0.6053379087625564,0.6934411366719744,1.2063019719460144,1.2710768888602062
2019-05-10,8.899438345573136,-0.4414294697551488,0.31089217998635027,0.3649741617900423,0.6114225889546608,0.7220656772416653,1.1845149785206592,1.352135876195971
2019-05-17,8.870746167099593,-0.4995726240243746,0.3107062732758002,0.36158872205803183,0.5937197653820134,0.6952274692624463,1.165526913248734,1.3857165848843631
2019-05-24,8.815103222317692,-0.6030285392228104,0.31585560201794116,0.3438859947997498,0.5973954211932592,0.6851805783429266,1.203682809926936,1.4329643926966293
2019-05-31,8.767870894030374,-0.6830197293899412,0.29365946229464013,0.34900690557277647,0.5877047984524252,0.692099888767563,1.2186010980695579,1.3449887964950427
2019-06-07,8.846436945392377,-0.563645864946667,0.30376114899329554,0.36632563701682164,0.6174882868709965,0.7157207100660178,1.1877894277110554,1.4597608963011064
2019-06-14,8.859903498753592,-0.5431701050749063,0.2978473724275014,0.342830563039559,0.6288388537043657,0.6809214883914044,1.197769741925362,1.390008564068621
2019-06-21,8.92072325666932,-0.4383748168900392,0.30760629587264715,0.3557466853791449,0.6362488764631223,0.696941101555057,1.2494443724242317,1.3964864775525068
2019-06-28,8.90945952310177,-0.46328619644701097,0.3038433012795728,0.3383861731834783,0.6228952959196996,0.6614723104349437,1.2179762965035223,1.3500331408332897
2019-07-05,8.951089735783318,-0.38844404382118974,0.31178845298031566,0.32421165224253534,0.5960408575715505,0.6375401333861214,1.2105580120524755,1.34696202535547
2019-07-12,8.976682298429026,-0.34168372398297137,0.3299122905029554,0.3121702807620206,0.6235350374949936,0.6268999998024013,1.2366700856630641,1.286170978567018
2019-07-19,8.949191332623458,-0.4012838358352888,0.3201774272715973,0.308498419954683,0.6034532690809933,0.6077181874256199,1.1862707193347226,1.270026153309214
2019-07-26,8.995029636285135,-0.3155646645081034,0.32366920362059703,0.3045272112843874,0.627351500531514,0.609440265299937,1.2426246592734531,1.2575586465655537
2019-08-02,8.910455345149549,-0.49102652243497075,0.3189841252467413,0.32948794476705107,0.6025429568470495,0.6559515860609564,1.1660155628695903,1.3510193088359523
2019-08-09,8.895471392563259,-0.5211705585496349,0.30784592442677666,0.3135527670609785,0.6057949772172102,0.6399161293151198,1.1512870831847806,1.2587501869129227
2019-08-16,8.883472284809123,-0.5452131714895218,0.3049828646694734,0.29282886521007506,0.5935252263828608,0.623556237911086,1.1497717741494364,1.234414543871837
2019-08-23,8.848827851236857,-0.6071350803514877,0.3035962746783428,0.28554170607657975,0.6021723645524839,0.6088368472989006,1.1879498132419455,1.2204998263189608
2019-08-30,8.905896690002988,-0.5163878009808394,0.3041773148671536,0.2988926934628218,0.5978956619695126,0.6032882033784727,1.1909513704669226,1.2535811414939921
2019-09-06,8.944875798734246,-0.45045194054523197,0.29882043958681015,0.2982184919987325,0.5833590702844973,0.6047401727886648,1.136519159476581,1.2908698061461323
2019-09-13,8.95255226669223,-0.4396086787563464,0.3198492139969945,0.2780265725966513,0.5869165274136796,0.5821172144711261,1.1609876655283298,1.2473783673004624
2019-09-20,8.930878816167377,-0.4832792341818231,0.3252073868703642,0.2736562357737167,0.6010826835567088,0.5721783220993143,1.174172254821383,1.169989092969108
2019-09-27,8.895032272317257,-0.5504294997021412,0.31343277705796196,0.26659477440598833,0.6161546416940117,0.5556373778729916,1.1533902729903815,1.1919420158814946
2019-10-04,8.911481774876135,-0.5253472588939931,0.31265600493408513,0.24031949907979835,0.6049830036363399,0.5440532480527536,1.167488928013383,1.137926543762311
2019-10-11,8.934344290244853,-0.48863635203157146,0.3183228809364159,0.2320761204378087,0.6070505124010791,0.5099848768033737,1.230176778307469,1.1224851746343394
2019-10-18,8.940674378821756,-0.48052011534037836,0.3260951044531618,0.2211195246875365,0.6114261694325008,0.5033638126376332,1.2052524789159764,1.0839018818570632
2019-10-25,8.980892335593813,-0.411342204430806,0.3398127632156789,0.2246333760774882,0.6093771028497701,0.5272055865043629,1.207183002227206,1.0792201469210443
2019-11-01,9.01145209165684,-0.3571603808024004,0.34014467666954684,0.20964953502604156,0.613650741608798,0.5022990351573003,1.2194664568259148,1.071259744505648
2019-11-08,9.030957194833269,-0.32292841072293577,0.33217009960146465,0.19624772120727163,0.6374201009294737,0.4918982087015861,1.230867654616884,1.054058104287454
2019-11-15,9.045979598972613,-0.29710626161661313,0.3419533196605113,0.19470692788314567,0.6415090275874334,0.48188118487891934,1.188792266976383,1.0388167574395424
2019-11-22,9.011281546331402,-0.3712559425883253,0.35119514969833937,0.17821668963290063,0.6356372905810113,0.471437769066139,1.174628607143087,0.9736850278369478
2019-11-29,9.041338218431104,-0.31720218507551745,0.34213053024699447,0.1776346610217654,0.6492241508034552,0.47001095355030575,1.1744631495132976,1.0190315809961832
2019-12-06,9.033077214720093,-0.33777117340399226,0.3485184476459173,0.166650874963267,0.6271209296184015,0.4485004030471518,1.1636025355090087,0.9927541308952282
2019-12-13,9.059865104023448,-0.28930925910657296,0.34467064691854776,0.1583750712653896,0.6485210671112903,0.4196981325423413,1.155993546902872,0.9615818272609467
2019-12-20,9.092690624873985,-0.22745981715162916,0.3363116389790223,0.15674066219670377,0.6603401722647251,0.4383410551822765,1.1752304633846815,0.9685211974171525
2019-12-27,9.110900910450695,-0.19428089559162875,0.33748396754599475,0.14895532319159652,0.6414369531645469,0.4205921319920906,1.1489261314542694,0.9413265319256192
2020-01-03,9.11444008106054,-0.19183245810736088,0.3443508735868986,0.13964869230948568,0.6550226711720462,0.4001530407849582,1.2063331933712167,0.9315182811224139
2020-01-10,9.15203342003055,-0.11728399034321858,0.3388667984933811,0.14011325904507302,0.6518871175212412,0.3984872940193587,1.2142848523437964,0.9065568285265293
2020-01-17,9.19774578387226,-0.022555420256083338,0.3412448696396608,0.14471956873327424,0.6512872153364495,0.38700900723403275,1.234197283014851,0.9146157124936215
2020-01-24,9.190677110662111,-0.04525046858522747,0.3252164853209065,0.1370497721206823,0.6504010464287914,0.3687370098546184,1.1838640204067985,0.9094355106228805
2020-01-31,9.155750513465966,-0.13037365520131133,0.33260413250861726,0.12786445212994252,0.6238109305498042,0.36689751216090793,1.2043506149037746,0.9032645225246058
2020-02-07,9.241355382363835,0.048777728851043756,0.3387738395405381,0.141232118436426,0.6532352653015205,0.4098393439463529,1.1977278816476573,0.9452715750517591
2020-02-14,9.286709293399584,0.14791991557203996,0.36429310759034167,0.14461442394808524,0.6338452303865644,0.4050157959601972,1.2204632631201522,0.9235428338393192
2020-02-21,9.245534983556125,0.03931793464573995,0.3528944593394696,0.14684661497660997,0.6553390006894864,0.40275591017853507,1.2685892071156633,0.9110930126150646
2020-02-28,9.024106522335096,-0.46706987524130117,0.3500980324628544,0.3798803864295106,0.6492455199377859,0.738715023034808,1.2561969005010751,1.3517874690302314
2020-03-06,9.039851263166977,-0.4432134665142094,0.3512005325773096,0.3431845423650711,0.6417842765397521,0.7037941802051517,1.2391533217262336,1.2884486621230273
2020-03-13,8.907885390394092,-0.670492822200281,0.34618377177281884,0.4786119671860056,0.633098411745309,0.876818201387273,1.221612462250737,1.6092038500519092
2020-03-20,8.639352206670305,-1.0126957175863684,0.3534327221403879,1.1125240810068397,0.6518048353171161,1.767921992342013,1.23160498778272,2.7179931244301576
2020-03-27,8.80229175072003,-0.8784126848905338,0.3348614369920361,1.2088109450552709,0.6473960713458884,2.101084214412243,1.1745251785043205,3.3920166963165177
2020-04-03,8.783511805741899,-0.9008792454408001,0.3525507968749205,1.0670433316469976,0.6261523816610013,1.7975869163029814,1.2610344345894346,2.870568625620308
2020-04-10,8.963700169390302,-0.699736868988419,0.35121270929313037,1.2178418942440257,0.6074531846289902,2.0038231583415502,1.198768537428539,3.4766428421460756
2020-04-17,9.10251584413211,-0.49859171733976076,0.343982212232162,1.403632514526096,0.6317940434305311,2.1821994893889296,1.242152968167915,3.9261331303748723
2020-04-24,9.097112494627886,-0.5109892048777706,0.35095744661523326,1.2731267395246266,0.6314411188307619,1.9423749850169496,1.187859452107024,3.25824437792282
2020-05-01,9.086352341293887,-0.5322380937692884,0.3361254617271642,1.1459749906451078,0.61722600952334,1.7360181493729128,1.2140869165852202,2.870281473548824
2020-05-08,9.194880820131576,-0.3532609561205503,0.33717526397284553,1.160441386577867,0.6240243562302225,1.7597003340308852,1.2480425406885902,2.8788816180340633
2020-05-15,9.178685503478802,-0.3875270689242246,0.34372955407781863,1.0750940664835282,0.6364668273099593,1.6248572169780513,1.2519457811434118,2.6516442253909625
2020-05-22,9.237254487882758,-0.28399133470213633,0.32726481192785,0.9923947904398257,0.6364992577916698,1.5161156537945275,1.2898033677469316,2.525870157204463
2020-05-29,9.266353446109392,-0.23213183161278295,0.3339606082894234,0.9427105782518995,0.6556730955997256,1.4218205053277313,1.2670483403570296,2.4802080182754143
2020-06-05,9.320456720213054,-0.12957140948983206,0.33324494897665474,0.8964794921093253,0.6497289495465187,1.377140461629793,1.2834206232856027,2.3848622918610753
2020-06-12,9.285173041401965,-0.20857638190791034,0.3370091268417383,0.8599091220565726,0.6474063641150093,1.3348632838679304,1.288224249930677,2.3170262274282694
2020-06-19,9.352537174628251,-0.07920813267946729,0.34460045062492967,0.8301068918530048,0.6508759918890452,1.2750633402026856,1.2635329731603873,2.294757886828903
2020-06-26,9.323449777886074,-0.14681775623311477,0.32834276521954286,0.7859952053641068,0.6644479429018644,1.2564915599814073,1.2456064178677848,2.2268234049346183
2020-07-03,9.41914498471425,0.04274475363528277,0.3290188162600405,0.776727689537895,0.6529333724995035,1.256773853589205,1.2122579701352596,2.220680001520594
2020-07-10,9.512304331768222,0.24057149106419026,0.34053685690388463,0.8174651207068077,0.6430552894674193,1.2798048641898927,1.242338258210261,2.2324587385142225
2020-07-17,9.476820100905924,0.14672026553953998,0.32624277595716705,0.7779787611457836,0.646385934433249,1.2387677108736403,1.208157840492935,2.206463145235377
2020-07-24,9.446989602435533,0.07020163366657992,0.3283267444512292,0.7461632131023042,0.6577420774651251,1.2156741967850235,1.252265607298734,2.1368587366841902
2020-07-31,9.524208944758527,0.2323896843703574,0.34526589205165353,0.7403079292201796,0.662054402653799,1.1746498996867103,1.2609018373857641,2.0990941615406093
2020-08-07,9.563248552560909,0.31404759600695326,0.34420392903141267,0.7302379599045793,0.6851772135190626,1.1514682972576546,1.3297034086531667,2.0667205634557786
2020-08-14,9.5661347185028,0.3106788297291548,0.340578649287323,0.6911565271092227,0.6668023397112512,1.1062181872497818,1.2945091366333237,1.9749660411596843
2020-08-21,9.631168019009277,0.45435075159639465,0.3526594091414086,0.6858266622782245,0.6502465053174414,1.0938552641340484,1.3516971569180374,1.9793641938686957
2020-08-28,9.712521299998416,0.6423003555423785,0.33986779106019355,0.6890886794391998,0.6711335733528454,1.118031440622033,1.2687164927815213,2.045464178287671
2020-09-04,9.647548710258976,0.45739250134577636,0.35512776290735276,0.6739342591584986,0.6594848707008253,1.1061422421923575,1.2752001255552152,2.0290963284826122
2020-09-11,9.55283754075943,0.2122896889364954,0.35900899081209525,0.6928797230765487,0.6693152490203318,1.12296263924757,1.267689177451203,2.065476330889009
2020-09-18,9.524549663829347,0.13987763343759366,0.3442538720264332,0.6735240793539583,0.6625543490362131,1.0763220474833777,1.2389120872339532,1.9939927118257421
2020-09-25,9.56213230198368,0.21349343767614004,0.3369107421574347,0.6437006084239952,0.662443097459982,1.0805999381333071,1.287303304759192,1.9634897446501416
2020-10-02,9.58197411766948,0.24888695631294497,0.3341057367776221,0.6098515188408817,0.6622854053516397,1.0509724345270601,1.2342441989652797,1.8845534674932125
2020-10-09,9.662580764317257,0.41984562845653595,0.3450704137151301,0.6273900247660156,0.6757442919719142,1.031148356400129,1.2224546057312746,1.8837070445295447
2020-10-16,9.68394221425698,0.45927401310349275,0.3478839841512731,0.6068032871939355,0.6665830526495751,1.0183510279307233,1.2852487734150135,1.8699607615579665
2020-10-23,9.655057837608735,0.3784004613634284,0.33886331371122275,0.5880626497058001,0.6660871265344894,0.9661974699114826,1.2692738596407795,1.7719602951470446
2020-10-30,9.540872600198034,0.10251712622357315,0.32871776651710916,0.6214722283406175,0.6846899935681251,1.0271935340839955,1.3030146033213323,1.799093020574326
2020-11-06,9.705277310452283,0.4327807941776516,0.33783445430490583,0.6934128202742459,0.6686328771856895,1.1163607633574884,1.279593588035665,1.9101082691715334
2020-11-13,9.677954466055397,0.35761053409811727,0.3387012662137355,0.6648559178184368,0.6791122244225297,1.0932209368699348,1.2755411091713442,1.853424389836157
2020-11-20,9.669056110140016,0.32715738042410325,0.3404048783742421,0.6342446397138435,0.683753065644944,1.0517627645337264,1.2646021241016843,1.7969521302789815
2020-11-27,9.727019454179214,0.446258625398006,0.35634855606769955,0.6054109872315232,0.673601769454106,1.0403752904862587,1.2753175310164884,1.7956289490845665
2020-12-04,9.720645717020668,0.4202355073003798,0.33800137310829187,0.5805063957816362,0.6496611651299732,1.0150838978575767,1.307931135447138,1.7744172669852396
2020-12-11,9.698298378663972,0.35820013823868185,0.3347293982138421,0.5688543543474981,0.642310456440108,0.9925615894354668,1.2330565384106151,1.720178268931938
2020-12-18,9.75143917906346,0.46610970509114097,0.3364013227429818,0.5477995086057572,0.6570752908179073,1.0003020259216173,1.2773091818102988,1.6662898049740846
2020-12-25,9.704600079520668,0.34668027719401767,0.3330904095707608,0.5400090993074232,0.6682250151904312,0.9529640143224309,1.2579402218958606,1.64983666251665
2021-01-01,9.733522954480527,0.40039368270251097,0.3523984906381629,0.5321421547639855,0.6612486161784876,0.9557215847252398,1.2643471453008424,1.6585924360040762
2021-01-08,9.765384475382922,0.46096169147507166,0.33944193490726643,0.5272586217367563,0.6523957095252224,0.920270686640178,1.2857790401010667,1.6721421640082417
2021-01-15,9.718742336651855,0.34368038836414594,0.34266233466827156,0.5158198804205231,0.6630490687000505,0.9174732373781375,1.2948666818629904,1.6130887466933856
2021-01-22,9.804852980809189,0.5195773821549737,0.34373599735919935,0.5201428959383947,0.6491572266635981,0.9079596143588431,1.236902876268279,1.6096071627989257
2021-01-29,9.73744534711408,0.3526244684547275,0.33606744891376883,0.5186594024697722,0.667409616945391,0.8972931576604405,1.2472931052412455,1.6061694074756134
2021-02-05,9.83804602594516,0.5579912183283934,0.3582528188102572,0.5294091517579088,0.6532954158402351,0.9525913919067039,1.2627879614766324,1.6746341707627292
2021-02-12,9.87265905419153,0.6251142485131701,0.36674124281221715,0.5326245591005263,0.6699662868057111,0.9407571621374913,1.3040862555326675,1.6236079723496486
2021-02-19,9.835927632633489,0.526017758434617,0.362377721499933,0.4920311325037584,0.6697506055342544,0.919811060744955,1.247204440859242,1.6218709812132783
2021-02-26,9.73385502303932,0.282853910776972,0.36240051425969827,0.5099526407333227,0.6629921137658203,0.9084315952093199,1.2519428424451555,1.6684915264102407
2021-03-05,9.69431090952018,0.19210948155323612,0.37703623012184445,0.5139718055879176,0.6701767850734044,0.9031335077630832,1.2387749567485173,1.644096080985366
2021-03-12,9.735487159582656,0.2660494379655495,0.3537108904548974,0.493664976201816,0.6620966781142006,0.91411056305716,1.2381926862080297,1.5901822271887445
2021-03-19,9.72287648222573,0.23167953495346905,0.3579168514486743,0.48158880969986395,0.6723425620859786,0.8975104222781516,1.2105015642267487,1.5734649264949376
2021-03-26,9.741070330218944,0.2599850039498079,0.3633539075535389,0.46856494347514915,0.6680919140490262,0.8716072366772459,1.231392562878547,1.5193841022395729
2021-04-02,9.7969506413074,0.3642236821816036,0.3589633375168867,0.4639764746630511,0.6586954091876538,0.8708722043114788,1.2556176380617108,1.6105277080667606
2021-04-09,9.871855328470415,0.5105692171672298,0.36708798030951084,0.44911187535275116,0.6418223166594643,0.8975393621086929,1.2636207012208829,1.6457907028450771
2021-04-16,9.899642912369462,0.5601478025241282,0.3533840433979536,0.4346352936002159,0.6663365151678147,0.8825768769469904,1.2994068499283862,1.611568540482978
2021-04-23,9.88511128799077,0.516128629426653,0.35298469283765965,0.4298562369622537,0.6481418390439225,0.8666834385689008,1.2318810312811685,1.5568088736326446
2021-04-30,9.871870349059591,0.4760814785056002,0.3548649954497055,0.4084898033967679,0.6442518457552318,0.8483186897763646,1.2879339550639286,1.5313835217592853
2021-05-07,9.848304497566026,0.4148260450780488,0.3475992094893331,0.40681920780941616,0.6447395200293728,0.8169367439265647,1.2735716053042843,1.52291128743805
2021-05-14,9.800363518532183,0.3042891716321156,0.3461532220150897,0.4042286792517058,0.6563865561696957,0.801093715649932,1.316604394488165,1.4925731079639741
2021-05-21,9.800003272868455,0.29486358569582855,0.3376117022333726,0.3928557815326126,0.6434808307392932,0.7817250921326762,1.2128265581240527,1.4714784500381024
2021-05-28,9.83983606400212,0.36545893528103207,0.329739538278487,0.37256066708669333,0.646809898943422,0.7818067062930992,1.2755323365527986,1.4690562573764014
2021-06-04,9.850233328888152,0.3773741145246654,0.3453735845373451,0.36598810372257534,0.6230791168702196,0.7545846587486241,1.2875424472632018,1.455090571464002
2021-06-11,9.879649590065776,0.42792581246871925,0.34378761512612327,0.35379173460029695,0.6332551005832414,0.7480109533351059,1.2504409834157726,1.404917124932881
2021-06-18,9.885540836311083,0.4302614916920424,0.3379068172669973,0.3451416384467741,0.6335318638328722,0.7243524119862605,1.245592028316752,1.3843827203678296
2021-06-25,9.92655933179775,0.5048550532046859,0.34245672669774607,0.3340761755169744,0.6378034201256292,0.713577188583752,1.2607797365877134,1.4094896062721385
2021-07-02,9.98005960459989,0.6065447486495208,0.33389073283076814,0.3504537459427782,0.6285844533127661,0.7011738430959348,1.2662839147619118,1.4435581928754564
2021-07-09,9.99216193999865,0.6210508251448933,0.342362159347488,0.33763733533787654,0.6310467961684805,0.6870572159235092,1.2331299557587425,1.4546750635191852
2021-07-16,9.972525769061644,0.5663591891955997,0.32872426523079346,0.33161840277540405,0.6240274656787917,0.6812269504614996,1.2338396524417967,1.42247682461567
2021-07-23,10.0109539394398,0.6367322672613569,0.34842668532945437,0.3349721006793636,0.6335419964123893,0.6735329224124389,1.272490467696935,1.3973672336629372
2021-07-30,9.990006218163447,0.5791758618258179,0.33348040610971114,0.31933749290921265,0.6714436737085947,0.6629204612972823,1.2527500905706603,1.3769191772655598
2021-08-06,10.007409524636149,0.6048631513294704,0.3511221292256123,0.3149342336477956,0.6725580395361463,0.6300654913712,1.2124910214062405,1.3549868844221058
2021-08-13,10.010685766541512,0.6003671703908988,0.3482221700429691,0.3044255023634064,0.6692099117649138,0.6178786025848958,1.2405455786705495,1.3265486289739619
2021-08-20,10.000878401700458,0.568093436335262,0.34557465661141773,0.29287613454061223,0.6620298260157517,0.6081194339809725,1.2436301741151619,1.3042245252006393
2021-08-27,10.04802666473919,0.655506959670383,0.33776286423201873,0.2846749845287219,0.6298683906350322,0.623391650135404,1.2992865083815222,1.3206002516511903
2021-09-03,10.074379019444184,0.7000270309899017,0.3408531807099981,0.2879925823688212,0.6284112597721215,0.6158768801331672,1.2991518413405136,1.2910217992171646
2021-09-10,10.047035614593067,0.6280599422516348,0.35200557956764056,0.2740022444343342,0.6531308372745289,0.6233784737661314,1.265938203462092,1.248046175919623
2021-09-17,10.0321701111046,0.5850030059506439,0.33647055948052074,0.27307103252911263,0.6629630473539192,0.6072335369700302,1.257183363375079,1.2423702768823468
2021-09-24,10.029848218907954,0.5691669023656557,0.3300573454363224,0.26262695729533586,0.6859611935717217,0.5955666260363842,1.223446033127975,1.2202665194842999
2021-10-01,9.956795110282489,0.4065960819802282,0.338693863699112,0.2646546978978754,0.6632421065603074,0.612544422518642,1.249723819583928,1.2793055677674101
2021-10-08,9.959173560390434,0.40215102801888836,0.34729941224672595,0.2551572007825701,0.6688666420309475,0.5997510852823374,1.2758942412153524,1.2689118097296952
2021-10-15,10.002721728840726,0.47734510296940696,0.33144491779052054,0.26737161417632527,0.6622403936267218,0.5804709819681211,1.276339166968173,1.2037320350957368
2021-10-22,10.030023823054126,0.5217421699191409,0.35041514231347154,0.2449754582196258,0.6570119523818775,0.5819503519798545,1.251101602871338,1.2379036120921438
2021-10-29,10.091634705876706,0.6346563688306176,0.33722893703277085,0.262514608028527,0.6777345974566539,0.561507695690385,1.3056492281128105,1.216196338933693
2021-11-05,10.150564043376816,0.7449148374010608,0.36638184246892763,0.2755416007613554,0.6806073965464434,0.5720772946738822,1.2971980561300394,1.2165832587540593
2021-11-12,10.132349936509778,0.6932348622576362,0.34827448049172155,0.252684059571468,0.6839032679844679,0.551207228530766,1.3161950248164922,1.1918793305297464
2021-11-19,10.173625717554838,0.7676817463170318,0.34882303131880704,0.2496707112009263,0.6839578524786295,0.5498399702153449,1.3567202884067215,1.1936998815491775
2021-11-26,10.105977968166416,0.6088638781589224,0.3686120360905405,0.24510956117121172,0.6976132720522467,0.5727538222168608,1.2742091740778654,1.2149153635276122
2021-12-03,10.112383578166517,0.6109939264140993,0.3607489944005416,0.2327067976181408,0.6678105191343996,0.5547993688816865,1.290594815688968,1.193601157467339
2021-12-10,10.189292456709468,0.7547270081841583,0.36672414290059335,0.2346417117840725,0.6658706929670181,0.5799550586285088,1.307267698582097,1.1739009149364097
2021-12-17,10.119000241537044,0.5924525448451036,0.3455310521939771,0.2747093847798242,0.6600304859717725,0.5937376365608171,1.3167242433043709,1.1797950867037517
2021-12-24,10.180528963411309,0.7042761131849085,0.3209258658126484,0.2704330312231551,0.6434265636137491,0.5889677117522262,1.3055990761853367,1.1751743342603769
2021-12-31,10.180286307073889,0.6919549717866383,0.33336001347373767,0.2584219302630701,0.6519116803990352,0.5779591679091807,1.288608079026661,1.1407623304548835
2022-01-07,10.0877729160488,0.4884205853376839,0.33451563224971864,0.29933346886254675,0.6582097877165389,0.6605524778906217,1.2608261735176958,1.2523908922942268
2022-01-14,10.090250923186067,0.4836670456372763,0.35121319653400146,0.28345876703948775,0.6688469732095548,0.6395614033402833,1.2626492745359505,1.2180034814967349
2022-01-21,9.93403587329513,0.18096392396905522,0.3418656184275892,0.40021484974563676,0.6592875069395074,0.7622330185646864,1.2751363383356176,1.4549130863699615
2022-01-28,9.935729372652414,0.1783124825465922,0.33496130513294214,0.3797676590723927,0.6441204301610839,0.7206808216140276,1.2750826513007525,1.3857391083061592
2022-02-04,9.964689093079418,0.21903118510410777,0.3431673048052249,0.37371588548934054,0.652876217114325,0.7208524589058232,1.2585313768208506,1.3455706286415434
2022-02-11,9.891897764657417,0.09574014884399194,0.3323926306338197,0.40745368467886056,0.6463221185775881,0.7381095639357879,1.2699857924121736,1.470418952275751
2022-02-18,9.8544266571223,0.03371761689797528,0.3458939467651409,0.3726416037603983,0.6492247947207609,0.7349537699696269,1.2403863032292661,1.4158433845860878
2022-02-25,9.87289163055178,0.05671652053349302,0.3503571278476448,0.38501914025095074,0.6583412529317904,0.7236155553348509,1.2079312688983734,1.3906727460920763
2022-03-04,9.821511052165164,-0.024570511206290776,0.35789222998808895,0.4299467024082331,0.6705768809920546,0.8102632128121219,1.2121257193819908,1.4529315478513873
2022-03-11,9.74066269683594,-0.14423538413099818,0.35872142575381155,0.46034024343191504,0.669483403528757,0.824202210605746,1.2343767469822207,1.4965589733181197
2022-03-18,9.900584712369442,0.06651162298175305,0.36471199411591965,0.6443673079867654,0.6639234558600495,1.0691870054469972,1.244521317660743,1.8313691092305187
2022-03-25,9.946581066321956,0.13057482305741958,0.3686247956801257,0.6296593070314054,0.6564748298575098,1.0569453811514387,1.204606609866284,1.780163387019671
2022-04-01,9.960046757024896,0.14626914806163668,0.3577601744656898,0.5966094194147895,0.6660310328558676,0.9670957629819974,1.1756079082713595,1.6402087608096687
2022-04-08,9.88408224506797,0.024091172326183435,0.36089169932808424,0.5843317186982463,0.6536041685122355,0.9963776637947054,1.1873390346585,1.7348671533211542
2022-04-15,9.82257999256897,-0.069559020782508,0.3568094105651028,0.5835433612797174,0.6577927711191836,0.998387718534716,1.2271144475754772,1.7672473237363795
2022-04-22,9.743770355107266,-0.18208103196379652,0.3291114939264854,0.5791540462609568,0.6489176638392414,1.0232080625549669,1.2537749543095469,1.825183200114669
2022-04-29,9.666530645217032,-0.2849310271695296,0.33785180965776457,0.582651043222138,0.6428494226640632,0.9755577300743319,1.2725910680664527,1.8136737358172552
2022-05-06,9.636262985711353,-0.32423489034169106,0.3255532834719421,0.5518935609707004,0.6477773273792757,0.9452486549134319,1.2382708803869578,1.6956411869230164
2022-05-13,9.584369143818371,-0.38758751221016485,0.32756922917692144,0.5304175789575045,0.6366828620948749,0.907812760181867,1.2166034493638098,1.6946290699493942
2022-05-20,9.4811231419475,-0.19963475314829404,0.34844651235280477,0.5931886018979127,0.6475513201769433,0.9664922488400578,1.2023621326434097,1.7563347833427065
2022-05-27,9.618444309974848,-0.36539335443167925,0.3565740972684595,0.7076115235742587,0.6595306940674388,1.1433099469855208,1.2277320663892868,2.0022937991663934
2022-06-03,9.59502595609994,-0.39443533865349756,0.3576828349411899,0.6854398616946193,0.6432185156933274,1.0786773502838087,1.2291712178837892,1.8304742799016325
2022-06-10,9.477017207771944,-0.23857537722180347,0.34504970649807465,0.7517954292682119,0.6203346977748868,1.1930737671506497,1.2452999555958966,2.0383218330604307
2022-06-17,9.377369361247538,0.27681018019756176,0.338347658627557,0.749652085367416,0.6251312382850852,1.2192384185631713,1.2516709205671632,2.239096545754579
2022-06-24,9.521016220910642,-0.4966276010415689,0.34596153176453764,0.8791332430223119,0.621510480987188,1.3808701352975656,1.2564475870251237,2.5147138093386525
2022-07-01,9.432679805674464,-0.27058563241241007,0.3428945398840027,0.8670377189350147,0.6472523450986895,1.394513570637716,1.2549650662786893,2.3762233345460038
2022-07-08,9.52085215679916,-0.5062553008587478,0.355646508312696,0.8383556319064436,0.6244052082791665,1.3554227410052404,1.2225368794355884,2.3051645543089987
2022-07-15,9.497323400903962,-0.5319141141967689,0.3506582600259615,0.7785702323352599,0.6265106777311967,1.2683811384673385,1.22761171595867,2.0841976935663378
2022-07-22,9.565118993832195,-0.46631526741445,0.34945355332619327,0.748310847047462,0.6275762666681703,1.190398988753546,1.2474976222503764,2.0168761903639476
2022-07-29,9.650216174391586,-0.3783264535694497,0.3581795428469122,0.7555402799149347,0.6102187937085058,1.1809163010448018,1.208881747926916,2.0432957490643626
2022-08-05,9.688347817557172,-0.3375308731307693,0.35434441718991233,0.7245085543961332,0.6194893518686814,1.142781690128178,1.22707653044237,1.9348129055131231
2022-08-12,9.739706691843892,-0.2801673143176103,0.34447531864348413,0.7248458098772046,0.6357164964574026,1.1113464792557655,1.2705438171914836,1.8150103759064216
2022-08-19,9.686258960185231,-0.34721213939884715,0.35656692917982,0.7081324028349842,0.6504095816688874,1.0818501329453225,1.303474697858436,1.755729786273992
2022-08-26,9.58723497927868,-0.46253395679293147,0.3453013473077412,0.6793392506471689,0.6272831114959221,1.1121320514514847,1.2636771993467,1.8997943514913571
2022-09-02,9.502310966308563,-0.5527035775821059,0.354097013813791,0.693387948617377,0.6373480353938059,1.075913844826308,1.2274537621783967,1.863773113978998
2022-09-09,9.581049531101424,-0.4778951175424668,0.3590865350203894,0.6827384134711948,0.651710384425125,1.0843594951726612,1.2245060306321425,1.891289173130963
2022-09-16,9.460627502878893,-0.5927086510912123,0.37374049699393214,0.706708984436179,0.6601795253336444,1.0719453163090593,1.2573868137690365,2.044963484233693
2022-09-23,9.362878030154638,-0.2528613210973145,0.3639151983592373,0.6986552203816697,0.6507567457290101,1.131787835683251,1.2588298327651604,2.1421940734506846
2022-09-30,9.301232377826269,-0.03441591497072716,0.3597255268338767,0.6941038173785103,0.6419927239537722,1.0778041742040212,1.2886547309039849,2.1032935416105394
2022-10-07,9.311835696999529,-0.10873959945220722,0.3535414635316406,0.660656368146857,0.6512597721692979,1.0301277375982136,1.2309767854558622,2.032349137011518
2022-10-14,9.247892080615964,0.10983468198482257,0.3653499335254883,0.6475206293951064,0.6389531633022796,1.021018619628564,1.20685424537875,1.9019895400121705
2022-10-21,9.360329200158112,-0.37937769964113993,0.35746266626867373,0.6688861227927703,0.649438365088998,1.1049790107928,1.2155212241652726,1.9693365234064615
2022-10-28,9.40015646196572,-0.5176777070125966,0.34923839010798513,0.6400504140705736,0.6603669245410028,1.0373560536812458,1.2104553784843728,1.8454700108020412
2022-11-04,9.275514321186568,-0.17732508696260982,0.3385534690320209,0.6851425824893754,0.6246242641875516,1.130612844972367,1.1956853004266994,1.9963371008629123
2022-11-11,9.443328268329244,-0.6543408840485265,0.3496383466619507,0.7950716724574258,0.6416243406146038,1.2538269468684151,1.19676111619721,2.2630142937314086
2022-11-18,9.415093679407018,-0.6803047243917496,0.33195957066535237,0.746823097298686,0.6359906505560209,1.1831138873520919,1.1822760976170528,2.137308794421951
2022-11-25,9.429750692246976,-0.6694348189934418,0.34593200788091283,0.7135713746555783,0.6432210207783979,1.1269310778865278,1.2270904842559642,2.034190101270414
2022-12-02,9.467014791471437,-0.6389395902322496,0.33734895765276907,0.7015243251559996,0.6523150831957728,1.1133194380680758,1.2567172255521688,1.99151422103918
2022-12-09,9.39277695382117,-0.6768723143296402,0.3527597979099094,0.6802712920258392,0.6482494577199814,1.1075625355648613,1.303216958111711,1.973805775824121
2022-12-16,9.330970822784492,-0.5360848528216038,0.3561511092283776,0.671373163371597,0.6613418377526992,1.0842827159767179,1.2863098408770681,1.9112183804259484
2022-12-23,9.317108283287965,-0.5086843896109274,0.3637683005711971,0.6416513628371618,0.6568616417358288,1.0572903024980955,1.3061583663592464,1.8401023248015758
2022-12-30,9.307989717434443,-0.4943238824404931,0.35630168175399907,0.6167565566431903,0.6539288459593301,1.0260971333782372,1.3231704323404962,1.7739232633078053
2023-01-06,9.325034982910456,-0.5496034658133392,0.3675385191649043,0.5994303817491309,0.651786476953552,0.9965892252404815,1.2762279557815948,1.7544706297827968
2023-01-13,9.413558948830104,-0.6991110262242279,0.3481296176335703,0.6119029776048213,0.6472659890937918,0.9904428584453916,1.2313535607318211,1.768755072607199
2023-01-20,9.426859916920852,-0.6895692793568806,0.3332907394416163,0.5760272997085584,0.637206148086534,0.9594727457399433,1.2356857161798083,1.7263361022498074
2023-01-27,9.519058715619568,-0.6127504946584087,0.33428197466209914,0.5859412098174919,0.6388567427382418,0.9748575755498192,1.187428816335218,1.8007676659570093
2023-02-03,9.583321419155869,-0.554849465060264,0.32256960338791635,0.5720038513109494,0.6255240425769324,0.9689851586425219,1.2295538090322697,1.8020115993115746
2023-02-10,9.546611083292536,-0.5922550592280139,0.3358222857521855,0.5618395522437608,0.6279965938543035,0.9438797633082647,1.220498660620925,1.7032507706833457
2023-02-17,9.550134141195407,-0.5906520223616818,0.31974706236951694,0.5448081179638686,0.6270995673273713,0.9216605247645987,1.2722776744291076,1.6778259299677434
2023-02-24,9.486860747301844,-0.6511934437317471,0.32420247976875877,0.5439143501870212,0.637972512221234,0.902826446963459,1.2533875207237022,1.620414250998195
2023-03-03,9.534040204753769,-0.6109920061307815,0.33276500368669515,0.5191188124368036,0.6427057451917133,0.8864576006450325,1.237800471876779,1.621468329688572
2023-03-10,9.456703543657744,-0.682798721253055,0.3183260846135566,0.5376010130212241,0.6297597899773216,0.8891197048888831,1.2678825622940881,1.611530903744983
2023-03-17,9.568833049934964,-0.5877584223235767,0.321304280288716,0.5486404440831105,0.6464669968445493,0.943855191980475,1.2752688200788855,1.6830045955756137
2023-03-24,9.60509702536122,-0.5550607759122695,0.3337499502043055,0.5315189188914633,0.6479434149134619,0.9129550828141902,1.281084277401018,1.6433862403684543
2023-03-31,9.66831994424049,-0.49473404857996023,0.33940956910572734,0.5441692995865949,0.6409655493103307,0.8941863405746864,1.2575865472796555,1.7032576089180036
2023-04-07,9.64604546580172,-0.519604815540803,0.3389216491733774,0.52565683539237,0.6444249314605347,0.878254524632387,1.2762094571273708,1.6815101422791452
2023-04-14,9.648642706299908,-0.5188964409602407,0.34161235509881877,0.5051223640898157,0.6406189651861525,0.8600122492621294,1.251670734201838,1.6473534650179344
2023-04-21,9.636577750849806,-0.5329414580262805,0.3379558961227739,0.49137870142848317,0.6342750604935625,0.8287806382237324,1.2397767310231271,1.6231227308021319
2023-04-28,9.673811701507937,-0.49763836914624193,0.33795307584318296,0.4703991830113291,0.6353091265164856,0.8139714838399826,1.1984355326443425,1.5807056926558305
2023-05-05,9.683118011968906,-0.4900589969146323,0.3304444860264085,0.4633081348021952,0.6517062568799993,0.7985286447249691,1.2527006931457105,1.5717203004366358
2023-05-12,9.695767982079955,-0.47898890276441186,0.33381920711855373,0.45219929008789594,0.6457319730453621,0.7828350253709926,1.195346416730117,1.569875221806826
2023-05-19,9.764482699821253,-0.40905949177259676,0.32813831421038925,0.4631323581995925,0.6202728220787715,0.7919667828572676,1.2039126469405523,1.501924491676999
2023-05-26,9.833824201863948,-0.334702234827261,0.30965782361671385,0.45160006820532383,0.6463876770851016,0.8062790139254199,1.2105576930833786,1.4897881520849128
2023-06-02,9.865490815298624,-0.30048695228077266,0.32369771197849745,0.42592714023326933,0.6171365900200702,0.7913457409155249,1.209220919558498,1.4576390728829045
2023-06-09,9.859479638359112,-0.31026892303439074,0.3277333945789795,0.4100347277445825,0.629869444071937,0.7734615443215065,1.1864907272261702,1.4235920685211791
2023-06-16,9.933495941077243,-0.2256584381872519,0.3181536842707704,0.42118541718762076,0.6196944638696218,0.7775961070888786,1.155638353201896,1.4082655562064226
2023-06-23,9.90722013029255,-0.26109353823286247,0.30765630885369116,0.4151172996972448,0.6291471900160208,0.7498054681600034,1.2074019124723958,1.40143874358105
2023-06-30,9.944861550514435,-0.2182578573548781,0.3034274275133433,0.41505328265490754,0.6278857417882188,0.74637743255818,1.2425044359223771,1.3805074629747929
2023-07-07,9.924648433948198,-0.24637009845840105,0.30022171366976264,0.4068299828084318,0.64112649574641,0.7219336798376592,1.1961809546780844,1.3528670153363793
2023-07-14,9.993760842116332,-0.1642216100023757,0.31289332911967044,0.40261439207094274,0.62378190853395,0.7267183717812286,1.200979668611812,1.3510905525860417
2023-07-21,9.97354313261489,-0.1934515515879425,0.31267489662825804,0.3839911552435542,0.6323766475408523,0.7136803227297668,1.21505295349728,1.3303781693495471
2023-07-28,9.863593552816306,-0.33370190927121424,0.3078631493935995,0.3994548831080317,0.6241584441352669,0.7340547177422044,1.255794635375651,1.3957490062640128
2023-08-04,9.811898754941655,-0.39522804776175824,0.29834068578129036,0.39172426073748867,0.6046464155928848,0.7251825187852521,1.2306863651062476,1.4299598257411759
2023-08-11,9.780429315878369,-0.431928996302329,0.3080737023170433,0.38428662918147766,0.614852012917292,0.7136872982223991,1.2504457743415502,1.3910475010216916
2023-08-18,9.731185967932705,-0.48628719208421767,0.32080515452212444,0.37402300883764195,0.6360281024517092,0.7091014059568993,1.2530991393243214,1.4165757242347472
2023-08-25,9.762859116513754,-0.45592395377133726,0.3207366503530684,0.37399073770906366,0.6181173981457497,0.7027720177444101,1.2256490373769513,1.3917607944483545
2023-09-01,9.831928289968692,-0.38548895774510733,0.312025214015763,0.34697277104701685,0.6305020261765253,0.6832190944798722,1.20682122551258,1.3664839712898085
2023-09-08,9.803562512325032,-0.4189818559651588,0.31369816530900957,0.3525439367203378,0.6442194594636239,0.6782846047028575,1.2544887869232322,1.376956650698256
2023-09-15,9.792198217779475,-0.43338167203976335,0.3060835565630238,0.3453255243042726,0.6327160945128318,0.6599629744876505,1.1925939496812135,1.3582039493179356
2023-09-22,9.723738270006288,-0.5075963182231332,0.32650445843040393,0.35779811605756867,0.6322808235487497,0.6737806440289804,1.2094673073679012,1.3729392201511286
2023-09-29,9.7249269907256,-0.5083475121759042,0.3149569968927109,0.3423518437796862,0.6324405334521853,0.6614538939037548,1.2219021182987693,1.3523161993087613
2023-10-06,9.758121230597824,-0.47711791517849517,0.31997773402388113,0.32914923056067596,0.6383623578389984,0.6667065669595414,1.267394080833373,1.3502209253778563
2023-10-13,9.760968400449345,-0.4762341916990981,0.3374326578237763,0.32001005860736154,0.6497817794784009,0.6502696820316187,1.2543991595123245,1.3375988732076627
2023-10-20,9.702065935591888,-0.5380393908603551,0.3341605429833085,0.32997409754690993,0.6492445033792341,0.6419582591499877,1.3074151777580207,1.3531375201874827
2023-10-27,9.64888588649029,-0.5878560336136085,0.3351135824905848,0.3311771741082841,0.6464034040089988,0.6566409388708726,1.3139937067285945,1.3466223117950686
2023-11-03,9.77323913704006,-0.47676737867570373,0.3484798092028588,0.366013568660447,0.6429586340274229,0.6843056799770918,1.2824351843219501,1.3806350530971832
2023-11-10,9.837404419366017,-0.41286530160933277,0.3583071145796368,0.36961812098103614,0.6489252548165247,0.7033289561520238,1.2959250538801914,1.3903015784262336
2023-11-17,9.869837958599188,-0.38018037074025507,0.35073072381976406,0.358718482112163,0.6733609299577988,0.6873514009442948,1.2569722666426668,1.3366929740472138
2023-11-24,9.886489195595823,-0.3642048774540796,0.3509809724397502,0.3449004100441881,0.683396871324875,0.6640230803601231,1.2887976353973247,1.3318046310275318
2023-12-01,9.878034108174154,-0.3759944557783202,0.34788361454333055,0.3332354480402595,0.6697810010899683,0.6443404706674623,1.2662135789453008,1.3062177723650603
2023-12-08,9.885905049279746,-0.3696892936013326,0.36383025822523174,0.3275777129426947,0.649638296758468,0.632539047877536,1.2411703888948395,1.2919528868694476
2023-12-15,9.943965714672805,-0.30735037825383665,0.34336706685611973,0.3313787046181388,0.6308833068112325,0.6196024477626229,1.280974622049323,1.2695150827086676
2023-12-22,9.925263826008782,-0.33168110391307165,0.3363949870523581,0.3243267888025691,0.6575784183715777,0.6147363546097642,1.1650521602862967,1.2718132012284293
2023-12-29,9.867298305562638,-0.3996184525481263,0.33208974789446066,0.3228726095950339,0.6589250971612596,0.6125389899162333,1.1779268717409226,1.2425577317384024
2024-01-05,9.803204304048782,-0.467079108198386,0.3341422194482531,0.316027679441195,0.6434950579632082,0.6276950579054708,1.2061907311475866,1.221255106588435
2024-01-12,9.86633892117784,-0.40786374818955135,0.3479940732089611,0.33064943325349955,0.649626100464904,0.6289443410116348,1.1823030136372523,1.2038512719848642
2024-01-19,9.922731251111728,-0.3493591227432402,0.3510657291305634,0.3315248663677412,0.6473425008794074,0.6310041960749867,1.178448950544533,1.2404096958708668
2024-01-26,9.935035012494254,-0.3379183095495565,0.3550764923651353,0.320191203621395,0.6618241815513212,0.6193152661980296,1.1741416188661222,1.2292546711426444
2024-02-02,9.959121454815298,-0.3130260254129595,0.3524028028417102,0.30771519371973866,0.6592193021593423,0.6077167296746011,1.1329125266394358,1.20497828554905
2024-02-09,10.002937139072015,-0.2650046967265402,0.35352058714716683,0.29455526680592076,0.6508384881435603,0.6092316788304778,1.1643453378158048,1.1945516061811672
2024-02-16,9.970236289502443,-0.30645769621792945,0.35492400439734734,0.3002460239602203,0.6585265634141099,0.6033113575364918,1.1794807253801738,1.1990580612894657
2024-02-23,9.991034818744811,-0.28501383761085775,0.3610948327663108,0.28617991872448295,0.6518683446078334,0.5847830629169308,1.176446020683078,1.1696637352311807
2024-03-01,10.021962520751956,-0.25148706775820007,0.35150296987777035,0.2884477190840035,0.6389422373592564,0.5879079663670317,1.1965955364627374,1.1726182459757544
2024-03-08,9.986566015791167,-0.2963794230364138,0.34728443594309083,0.2888512843119143,0.6343600092448114,0.6006685802957966,1.2167758591976248,1.2049162175423596
2024-03-15,9.962246803158418,-0.32667856684971647,0.35216118892911613,0.28509454682737007,0.6242395723584482,0.5849094809871478,1.1985913678998743,1.1675433830834627
2024-03-22,10.012094433991695,-0.27293949123878913,0.35784268535987945,0.3002550291084499,0.6635688404190967,0.5597785886907168,1.2365081741136603,1.1422979856568471
2024-03-29,10.002248822744347,-0.2871913373170654,0.3631905128865368,0.287402072704994,0.67280429162178,0.5567158415355125,1.196428204123838,1.135774234213375
2024-04-05,9.98505704730761,-0.30858756097925705,0.3839447325865481,0.26872629689113237,0.6783382612035564,0.5491070867033886,1.2218768261053963,1.113318477897748
2024-04-12,9.973150597873078,-0.3226710256607778,0.3684333622791929,0.26237570003311955,0.6573980765110384,0.5346381047455036,1.222732086969464,1.084402380349008
2024-04-19,9.862865722877384,-0.43750990222968655,0.35729635055668757,0.3147429797613428,0.670192136083479,0.5836144392131121,1.2989389479004947,1.1216594169930314
2024-04-26,9.94041158755362,-0.36463390426859593,0.3542505835046194,0.32211575545700577,0.6614953013417803,0.6167764732712896,1.2331901531618576,1.21415741262003
2024-05-03,9.959632485394348,-0.3467861532272657,0.34463861403947593,0.30955796774402505,0.6675675955773387,0.5981057996596947,1.231290582580653,1.1801522756021263
2024-05-10,9.987604731956868,-0.3198675505327457,0.33665397054468965,0.3083504815767326,0.6649469304333868,0.5839264278142134,1.2621143048128143,1.147299922587274
2024-05-17,10.02415835856712,-0.2836602433999794,0.32796631937415455,0.30006182089923705,0.6476444169381829,0.5914876508747963,1.282559618244079,1.1069855592244713
2024-05-24,10.052777230672277,-0.25512045599467265,0.33515114125724405,0.2837196408569243,0.6603505000912474,0.5707374894137215,1.2618835454194308,1.1027025162701252
2024-05-31,10.016126491540687,-0.2961848728216196,0.3513016053187017,0.2722127010314763,0.6485174384294421,0.5556644822514766,1.2615536970435928,1.1102822611378533
2024-06-07,10.061115149020052,-0.25079117431285686,0.3419238703083915,0.28717503900812696,0.6513638160908378,0.5669817882379322,1.263955917892955,1.0844082269335151
2024-06-14,10.11448731400792,-0.19377202898429527,0.3439412591288354,0.2837728228146143,0.6632316543846031,0.5730798066027267,1.2574201635478275,1.1298430999254843
2024-06-21,10.118312177333165,-0.19214597154544627,0.35389533569225307,0.2701093533988828,0.6583494387686161,0.556151865698755,1.3186709106255525,1.0970760926834524
2024-06-28,10.116414139569637,-0.1971145147647074,0.34663513865635703,0.25749493063913004,0.6627915078426994,0.5449548932284287,1.2608890045030714,1.0812155880077916
2024-07-05,10.18621119087137,-0.11597975138102984,0.3556165954094441,0.2901603288008973,0.6732050818980251,0.5701616395883831,1.2627825861235447,1.1454128691343726
2024-07-12,10.17986340690496,-0.1273345030544823,0.35866468730773987,0.28242703209428127,0.6676611249416369,0.562579640714699,1.2645880061013615,1.141809753737159
2024-07-19,10.098729637400798,-0.2260714700327012,0.35167512274894025,0.29658908521993915,0.6906433226653832,0.6311125209897233,1.2912934380922538,1.1635349597853781
2024-07-26,10.059356517123367,-0.2703620044491407,0.3510796835947372,0.3123384886263488,0.6650448224882896,0.6166074349509265,1.2230744884888218,1.1302960573996927
2024-08-02,9.996676978767832,-0.33757509402334684,0.352674227889346,0.3221031074023982,0.6559055794639083,0.6475278141067028,1.207655805577786,1.213814684422309
2024-08-09,10.003687293927236,-0.3320889565361939,0.3534872327466845,0.30489190224684154,0.6494553762137193,0.6193268768787283,1.2640983573562639,1.1655386937914576
2024-08-16,10.10162513113781,-0.23496180819514328,0.34138060640716145,0.37222651909807325,0.667678820134441,0.7054388962722004,1.2462784665930717,1.2836353594191894
2024-08-23,10.122500377334472,-0.21450984401515488,0.33113304464425347,0.3451637195627399,0.6507074755770488,0.6767601021931394,1.263855530837958,1.2364907252890074
2024-08-30,10.101017165870042,-0.23960018325212407,0.34083018970441376,0.32204686520305537,0.6474081014675688,0.6547737504833966,1.3156470849830018,1.177094051996707
2024-09-06,9.979204613768514,-0.3698263049649007,0.34639067985425737,0.40916430477117477,0.6335362515592428,0.7691272636388232,1.3224462472613416,1.4075860299694503
2024-09-13,10.085572391314583,-0.26735484841979495,0.354053347829094,0.4961064351581047,0.6530615664884136,0.865232968606097,1.3001927781937397,1.5840274452155458
2024-09-20,10.10521093777138,-0.24863457193094202,0.3398886468524194,0.4849788186079829,0.6432229513690997,0.8389615125035705,1.2826823932771017,1.5050684079311758
2024-09-27,10.126687081483562,-0.2278253493321186,0.3304980749164139,0.450306149699829,0.6532348282272304,0.7902773528915853,1.2643518829338516,1.3715969977152225
2024-10-04,10.127755767978478,-0.22856083185379011,0.3394376705773318,0.4235451682660274,0.6448675260571348,0.7478762916991695,1.2272412139131559,1.3378113672922567
2024-10-11,10.142139976750707,-0.2151430776154691,0.331545637635686,0.4095073757657989,0.6447662992226175,0.7285584997533988,1.24845780477834,1.24896095396548
2024-10-18,10.147338980500342,-0.2114948661355423,0.3427113439622931,0.39136244168727363,0.6335418442144787,0.6926585035440793,1.233650828980494,1.207777779709841
2024-10-25,10.149845595093982,-0.21073480300638717,0.329956631919008,0.3702175436629768,0.6264399943858039,0.6592793490823772,1.238552247572905,1.1881246102324552
2024-11-01,10.11722316000274,-0.24748753864978634,0.3263758252710984,0.3570530297224625,0.6225123427161069,0.651876891180156,1.2371957044114263,1.1746472114405146
2024-11-08,10.221417203439524,-0.14026719505085483,0.33646192365940963,0.3844767939065979,0.6231467837688228,0.7159139407452975,1.2582141735952088,1.2665011796202206
2024-11-15,10.156448837614766,-0.21441201778643026,0.33634531545368057,0.39554521971777185,0.6085882388935187,0.7288477481873012,1.2854982194558136,1.2852054707288547
2024-11-22,10.19465225147321,-0.1756934554499496,0.31596075866170703,0.3972066658082199,0.6119092098283373,0.7073675103961297,1.201498283680484,1.341708395309654
2024-11-29,10.207209221766226,-0.16410326301718314,0.3109982180676897,0.38227315065155587,0.6224478854255042,0.6805463214608106,1.215273367278452,1.295538917536539
2024-12-06,10.269160228650936,-0.09854390601125995,0.3452804766788963,0.3818643601214996,0.6238317608488938,0.729680091149899,1.2056742989293385,1.2606233669010731
2024-12-13,10.275108502149177,-0.09415175770733572,0.34066258250798104,0.36468720674245786,0.6307820950909111,0.6933599913302212,1.236161621051674,1.204605557928093
2024-12-20,10.22485310309978,-0.1532014736041929,0.3283596329086419,0.3590709957829695,0.6595585243273507,0.6801616706300239,1.2111550632573473,1.1886271612845238
2024-12-27,10.307510493888216,-0.0649427170889368,0.33002033857027024,0.383609886067675,0.6396017957037744,0.7168174245337093,1.2534449994748416,1.299868065508051
2025-01-03,10.292727626104613,-0.08429542032421021,0.32377468873129944,0.36347663438842776,0.6415194327719089,0.6876890698876771,1.2693440962845148,1.2297503709959219
2025-01-10,10.246233390332629,-0.1391729387678651,0.31893039413956775,0.35660361555366354,0.633394706994843,0.6903590156840804,1.246823704651938,1.1855153002088905
2025-01-17,10.302266004369972,-0.0798851324981503,0.3153793899175376,0.3622956521924191,0.6329901924935295,0.665202132219781,1.244026128854035,1.1953605161306526
2025-01-24,10.33420733963599,-0.046175196233118714,0.33005937653075784,0.34407129236167067,0.6387337573745554,0.6357549568199878,1.2131474294286093,1.1785908587187521
2025-01-31,10.306072472214158,-0.08096424510718925,0.3290607410552626,0.3211450303917555,0.6289509438643421,0.6393568683501017,1.2314492544380762,1.1574620867202856
2025-02-07,10.306550390168397,-0.08279780317068755,0.3526220741036157,0.30955340230939665,0.6493791332216808,0.6108062514127698,1.2160376363549918,1.1335907306129522
2025-02-14,10.361386857571626,-0.023582486266683893,0.34611749264719815,0.3124321954746823,0.6444867975078002,0.6114943097537031,1.2389968973307293,1.1249644707161226
2025-02-21,10.311689806573598,-0.08355603543012487,0.3530418419805683,0.30678102056925177,0.6499878125533096,0.6251333314267272,1.2325969364171556,1.1392930566459374
2025-02-28,10.239519844896057,-0.16649868246554508,0.3387245019605685,0.3393378895716317,0.6644705402840325,0.6675929117403775,1.2404414660454464,1.207409289379558
2025-03-07,10.17564999157483,-0.2365460736144963,0.35206650789322264,0.3379675535823406,0.6587399210548616,0.6865976922574722,1.2607917474765378,1.2430649698494167
2025-03-14,10.11601152075384,-0.2991231417990046,0.3386285519462166,0.34161828868474464,0.6505528313261447,0.6827627316792625,1.2615266251966872,1.2668750311122516
2025-03-21,10.119140235621911,-0.2976792097701156,0.34824543720364587,0.3223311241670857,0.6597807020019483,0.6573023050905468,1.247474292287402,1.2099552103782822
2025-03-28,10.073059710881337,-0.3443234108558716,0.35034873515123277,0.32806189029751803,0.6668324108756118,0.6599458879739064,1.2577708879385678,1.2261088271994323
2025-04-04,9.870454308771995,-0.5341050014095986,0.3469665146766169,0.590317612419175,0.6785089125535384,0.9793921261203257,1.265808243388556,1.722029695211115
2025-04-11,10.01343886414621,-0.4183864431120718,0.3403875608316715,0.7267557135733524,0.6927184328992292,1.224236505971026,1.2293498571303834,2.1440300840693967
2025-04-18,9.96668090903278,-0.461415945193741,0.3454965712747608,0.6734028779897975,0.6664147941901192,1.113300058154464,1.287101252705492,2.032401494882607
2025-04-25,10.091121519292848,-0.3543249981410905,0.35171753138442235,0.7714220140135425,0.6688482455239323,1.2429710583713909,1.3135980623853516,2.265759794765905
2025-05-02,10.157707526738426,-0.2930281343804467,0.360441572296704,0.7368672510054884,0.6593334166265526,1.2067249743108388,1.2853884979518808,2.159880069130213
2025-05-09,10.153223438240678,-0.2990686308420806,0.3450748840820969,0.6858074868910821,0.6753243998995409,1.1182629411240286,1.2708348026373368,1.9292277970764873
2025-05-16,10.282378638312029,-0.17435241469347182,0.34701667310552364,0.7703407766786453,0.6597445210445758,1.2674056965656606,1.2288113105222551,2.1636405885494447
2025-05-23,10.239541529556131,-0.22139769531037307,0.352468019049143,0.7384641211224664,0.6511952956952622,1.163439862706136,1.281438392583716,1.990156660603229
2025-05-30,10.277494935562787,-0.18443023595874627,0.35428585174079263,0.7256546805418811,0.6645927068077404,1.087543556110727,1.265456438717842,1.8708674957768654
2025-06-06,10.314333859322216,-0.14794214009999238,0.3684328347113101,0.6729681938769835,0.6600986041162515,1.0324709001967114,1.2245061370905321,1.7715576583715509
2025-06-13,10.300850961664471,-0.16440023311901109,0.3628906766482286,0.6343701778017329,0.666611875121837,0.9721285238508267,1.2457569520531349,1.6692780858847607
2025-06-20,10.2983000016798,-0.16914014412457554,0.35895753763731175,0.5875746629087913,0.6761795398034653,0.9350785623507725,1.279732462314438,1.6040852513337582
2025-06-27,10.38189590326384,-0.08342134559025247,0.3474358139382151,0.6029459463384154,0.6881381261246471,0.9629285845418853,1.2481269839448015,1.6133751293266794
2025-07-04,10.414326441514136,-0.050103174938645204,0.3452102010558717,0.5850200937415724,0.6900007186348516,0.9425457081686767,1.241384592553485,1.537624067390251
2025-07-11,10.406323732018638,-0.06126466586186514,0.34991095315917337,0.5491645610144896,0.672685672199551,0.8938298943319702,1.2476262726265617,1.496915516972988
2025-07-18,10.431166391296031,-0.03601325069603371,0.34352489578556705,0.5303888421821082,0.6576111374908807,0.8693778793336078,1.2152541253027107,1.4645228577112384
2025-07-25,10.448800545992915,-0.0186056892587058,0.350551710903471,0.5041148125403402,0.6538882041232917,0.8309649255998762,1.2635334061467776,1.422923098695449
2025-08-01,10.398765161626027,-0.0772504686423,0.3527049909504741,0.49197930271596413,0.6702801834116505,0.8215857791942411,1.2093128581596297,1.4244733911753882
2025-08-08,10.471450638355911,-0.00010833576337801613,0.3638088580621163,0.5005484753362724,0.6616338440637675,0.8089786732461822,1.2119113996909263,1.473982551238632
2025-08-15,10.481557353754498,0.008898942366283243,0.36213470321007496,0.4727191224242777,0.672268268641064,0.7796476369429799,1.2233863924289403,1.4402089162022764
2025-08-22,10.458755860144784,-0.019447443538041842,0.3550450345294616,0.461126765784603,0.6828323117148791,0.770300787159286,1.1807992016845923,1.4040189861236743
2025-08-29,10.44931566958912,-0.03234800411010098,0.3631055032331979,0.43877692477808594,0.6790015540995201,0.7365652562931025,1.2562838137974386,1.3669627045097945
2025-09-05,10.46738010861859,-0.014614172415325035,0.3506103622465851,0.41858527932426093,0.6755320229505392,0.729244829626261,1.2985878410404963,1.330238237625138
2025-09-12,10.50319068485961,0.02301504983229799,0.35397608741355047,0.40134491725907423,0.6933434505115721,0.6950910422293487,1.27331127878613,1.2910262519456788
2025-09-19,10.546668139304597,0.06986082036794991,0.36944213102798545,0.3829612186158973,0.6663413057762322,0.6894141509634089,1.212102216977921,1.279622738406687
2025-09-26,10.535984785380816,0.0547815187433954,0.3587309694003822,0.3691393588782725,0.6639645215844779,0.6670754529007694,1.270008645485149,1.2625316255066588
2025-10-03,10.562116882409232,0.0821638935138296,0.3586177815926189,0.35187270838994594,0.6646015024281657,0.6624928283380993,1.2172685983990434,1.2592779956339692
2025-10-10,10.51568654278434,0.02549163680471198,0.3568175361854638,0.35949276216969517,0.6456807484812404,0.657558496695856,1.2226292678980297,1.2558755225309166
2025-10-17,10.564360343856034,0.07792855110364456,0.35833391003279547,0.3718784095447649,0.6616144139055222,0.6299920883691802,1.2273653347813283,1.2648085180514816
2025-10-24,10.607505112109754,0.12502753472833011,0.36112206451553625,0.35569346214744774,0.6654582208467698,0.6317253265752037,1.179948111166595,1.2245497079459662
2025-10-31,10.645051003566444,0.16630506786694568,0.3501863523572933,0.3462338521729209,0.6504167120036924,0.6317042601551051,1.1735750852349305,1.2446769122523937
2025-11-07,10.581891877045589,0.08755858810113525,0.34876563255952175,0.3341675045878998,0.6364483933415466,0.6163910229598005,1.1995191120437307,1.22828285380251
2025-11-14,10.575124512171394,0.07700187474486624,0.37324428574741464,0.3216419042709383,0.6691768993772118,0.5985720586865916,1.1886891379461608,1.2176479794411195
2025-11-21,10.50717458066535,-0.003619810148686229,0.36013315036742755,0.3370302644595254,0.6425245736542394,0.6344087824038008,1.1761495614278241,1.2077137191408776
2025-11-28,10.601952190825536,0.0983207411259295,0.34515637055842996,0.367247462841353,0.6556398486576351,0.6710549706522948,1.2412695204519668,1.2164786555721
2025-12-05,10.61994849257844,0.11630966618051751,0.3418320885949992,0.35634727858809023,0.6278176687022735,0.6616111682456353,1.214169989440337,1.1856642238177746
2025-12-12,10.579819544916624,0.06681845813650437,0.3396113398054708,0.34334709137466435,0.6482812778021361,0.6486660151021583,1.2289831348259252,1.2199259473792066
2025-12-19,10.585109129266677,0.0701776064526204,0.355669925432624,0.3322034802029169,0.6580414280858222,0.6393982707828959,1.2304461890136078,1.2039055884913168
2025-12-26,10.609839016080278,0.09556690347884501,0.3569973072542677,0.3167372515263807,0.6644908644016185,0.623566402375923,1.280843926222204,1.1662204347144334
